"rho","u1","T","D11","q1","vtkValidPointMask","arc_length","Points:0","Points:1","Points:2"
0.99846,0.0027776,2.4982,6.7641e-05,6.7801e-05,1,0,0,0.2,0
0.99849,0.0027411,2.4982,6.6557e-05,6.6677e-05,1,0.001,0.001,0.2,0
0.99852,0.0027045,2.4982,6.5473e-05,6.5552e-05,1,0.002,0.002,0.2,0
0.99855,0.002668,2.4983,6.439e-05,6.4428e-05,1,0.003,0.003,0.2,0
0.99858,0.0026315,2.4983,6.3306e-05,6.3304e-05,1,0.004,0.004,0.2,0
0.99861,0.002595,2.4983,6.2222e-05,6.2179e-05,1,0.005,0.005,0.2,0
0.99864,0.0025585,2.4983,6.1139e-05,6.1055e-05,1,0.006,0.006,0.2,0
0.99866,0.002522,2.4984,6.0055e-05,5.9931e-05,1,0.007,0.007,0.2,0
0.99869,0.0024855,2.4984,5.8971e-05,5.8807e-05,1,0.008,0.008,0.2,0
0.99872,0.002449,2.4984,5.7887e-05,5.7682e-05,1,0.009,0.009,0.2,0
0.99875,0.0024125,2.4985,5.6804e-05,5.6558e-05,1,0.01,0.01,0.2,0
0.99878,0.002376,2.4985,5.572e-05,5.5434e-05,1,0.011,0.011,0.2,0
0.99881,0.0023395,2.4985,5.4636e-05,5.4309e-05,1,0.012,0.012,0.2,0
0.99883,0.002303,2.4985,5.3553e-05,5.3185e-05,1,0.013,0.013,0.2,0
0.99886,0.0022665,2.4986,5.2469e-05,5.2061e-05,1,0.014,0.014,0.2,0
0.99889,0.00223,2.4986,5.1385e-05,5.0936e-05,1,0.015,0.015,0.2,0
0.99892,0.0021935,2.4986,5.0302e-05,4.9812e-05,1,0.016,0.016,0.2,0
0.99895,0.0021569,2.4987,4.9218e-05,4.8688e-05,1,0.017,0.017,0.2,0
0.99898,0.0021204,2.4987,4.8134e-05,4.7563e-05,1,0.018,0.018,0.2,0
0.99901,0.0020839,2.4987,4.7051e-05,4.6439e-05,1,0.019,0.019,0.2,0
0.99903,0.0020474,2.4987,4.5967e-05,4.5315e-05,1,0.02,0.02,0.2,0
0.99906,0.0020109,2.4988,4.4883e-05,4.419e-05,1,0.021,0.021,0.2,0
0.99909,0.0019744,2.4988,4.38e-05,4.3066e-05,1,0.022,0.022,0.2,0
0.99912,0.0019379,2.4988,4.2716e-05,4.1942e-05,1,0.023,0.023,0.2,0
0.99915,0.0019014,2.4989,4.1632e-05,4.0818e-05,1,0.024,0.024,0.2,0
0.99918,0.0018649,2.4989,4.0549e-05,3.9693e-05,1,0.025,0.025,0.2,0
0.99921,0.0018284,2.4989,3.9465e-05,3.8569e-05,1,0.026,0.026,0.2,0
0.99923,0.0017919,2.4989,3.8381e-05,3.7445e-05,1,0.027,0.027,0.2,0
0.99926,0.0017554,2.499,3.7298e-05,3.632e-05,1,0.028,0.028,0.2,0
0.99929,0.0017189,2.499,3.6214e-05,3.5196e-05,1,0.029,0.029,0.2,0
0.99932,0.0016824,2.499,3.513e-05,3.4072e-05,1,0.03,0.03,0.2,0
0.99935,0.0016459,2.4991,3.4046e-05,3.2947e-05,1,0.031,0.031,0.2,0
0.99938,0.0016093,2.4991,3.2963e-05,3.1823e-05,1,0.032,0.032,0.2,0
0.9994,0.0015728,2.4991,3.1879e-05,3.0699e-05,1,0.033,0.033,0.2,0
0.99943,0.0015363,2.4991,3.0795e-05,2.9574e-05,1,0.034,0.034,0.2,0
0.99946,0.0014998,2.4992,2.9712e-05,2.845e-05,1,0.035,0.035,0.2,0
0.99949,0.0014633,2.4992,2.8628e-05,2.7326e-05,1,0.036,0.036,0.2,0
0.99952,0.0014268,2.4992,2.7544e-05,2.6202e-05,1,0.037,0.037,0.2,0
0.99955,0.0013903,2.4992,2.6461e-05,2.5077e-05,1,0.038,0.038,0.2,0
0.99958,0.0013538,2.4993,2.5377e-05,2.3953e-05,1,0.039,0.039,0.2,0
0.9996,0.0013173,2.4993,2.4293e-05,2.2829e-05,1,0.04,0.04,0.2,0
0.99963,0.0012808,2.4993,2.321e-05,2.1704e-05,1,0.041,0.041,0.2,0
0.99966,0.0012443,2.4994,2.2126e-05,2.058e-05,1,0.042,0.042,0.2,0
0.99969,0.0012078,2.4994,2.1042e-05,1.9456e-05,1,0.043,0.043,0.2,0
0.99972,0.0011713,2.4994,1.9959e-05,1.8331e-05,1,0.044,0.044,0.2,0
0.99975,0.0011348,2.4994,1.8875e-05,1.7207e-05,1,0.045,0.045,0.2,0
0.99978,0.0010983,2.4995,1.7791e-05,1.6083e-05,1,0.046,0.046,0.2,0
0.9998,0.0010617,2.4995,1.6708e-05,1.4958e-05,1,0.047,0.047,0.2,0
0.99983,0.0010252,2.4995,1.5624e-05,1.3834e-05,1,0.048,0.048,0.2,0
0.99986,0.00098873,2.4996,1.454e-05,1.271e-05,1,0.049,0.049,0.2,0
0.99989,0.00095223,2.4996,1.3457e-05,1.1586e-05,1,0.05,0.05,0.2,0
0.99992,0.00091572,2.4996,1.2373e-05,1.0461e-05,1,0.051,0.051,0.2,0
0.99995,0.00087921,2.4996,1.1289e-05,9.3369e-06,1,0.052,0.052,0.2,0
0.99997,0.00084271,2.4997,1.0205e-05,8.2126e-06,1,0.053,0.053,0.2,0
1,0.0008062,2.4997,9.1218e-06,7.0883e-06,1,0.054,0.054,0.2,0
1,0.00076969,2.4997,8.0381e-06,5.964e-06,1,0.055,0.055,0.2,0
1.0001,0.00073319,2.4998,6.9544e-06,4.8397e-06,1,0.056,0.056,0.2,0
1.0001,0.00069668,2.4998,5.8707e-06,3.7153e-06,1,0.057,0.057,0.2,0
1.0001,0.00066017,2.4998,4.7871e-06,2.591e-06,1,0.058,0.058,0.2,0
1.0001,0.00062367,2.4998,3.7034e-06,1.4667e-06,1,0.059,0.059,0.2,0
1.0002,0.00058716,2.4999,2.6197e-06,3.4242e-07,1,0.06,0.06,0.2,0
1.0002,0.00055065,2.4999,1.536e-06,-7.819e-07,1,0.061,0.061,0.2,0
1.0002,0.00051415,2.4999,4.5234e-07,-1.9062e-06,1,0.062,0.062,0.2,0
1.0003,0.00047764,2.5,-6.3134e-07,-3.0305e-06,1,0.063,0.063,0.2,0
1.0003,0.00044113,2.5,-1.715e-06,-4.1548e-06,1,0.064,0.064,0.2,0
1.0003,0.00040463,2.5,-2.7987e-06,-5.2791e-06,1,0.065,0.065,0.2,0
1.0003,0.00036812,2.5,-3.8824e-06,-6.4034e-06,1,0.066,0.066,0.2,0
1.0004,0.00033161,2.5001,-4.9661e-06,-7.5278e-06,1,0.067,0.067,0.2,0
1.0004,0.00029511,2.5001,-6.0498e-06,-8.6521e-06,1,0.068,0.068,0.2,0
1.0004,0.0002586,2.5001,-7.1334e-06,-9.7764e-06,1,0.069,0.069,0.2,0
1.0005,0.00022209,2.5001,-8.2171e-06,-1.0901e-05,1,0.07,0.07,0.2,0
1.0005,0.00018559,2.5002,-9.3008e-06,-1.2025e-05,1,0.071,0.071,0.2,0
1.0005,0.00014908,2.5002,-1.0384e-05,-1.3149e-05,1,0.072,0.072,0.2,0
1.0005,0.00011257,2.5002,-1.1468e-05,-1.4274e-05,1,0.073,0.073,0.2,0
1.0006,7.6066e-05,2.5003,-1.2552e-05,-1.5398e-05,1,0.074,0.074,0.2,0
1.0006,3.956e-05,2.5003,-1.3636e-05,-1.6522e-05,1,0.075,0.075,0.2,0
1.0006,3.0531e-06,2.5003,-1.4719e-05,-1.7647e-05,1,0.076,0.076,0.2,0
1.0007,-3.3454e-05,2.5003,-1.5803e-05,-1.8771e-05,1,0.077,0.077,0.2,0
1.0007,-6.996e-05,2.5004,-1.6887e-05,-1.9895e-05,1,0.078,0.078,0.2,0
1.0007,-0.00010647,2.5004,-1.797e-05,-2.1019e-05,1,0.079,0.079,0.2,0
1.0007,-0.00014297,2.5004,-1.9054e-05,-2.2144e-05,1,0.08,0.08,0.2,0
1.0008,-0.00017948,2.5005,-2.0138e-05,-2.3268e-05,1,0.081,0.081,0.2,0
1.0008,-0.00021599,2.5005,-2.1221e-05,-2.4392e-05,1,0.082,0.082,0.2,0
1.0008,-0.00025249,2.5005,-2.2305e-05,-2.5517e-05,1,0.083,0.083,0.2,0
1.0008,-0.00025158,2.5005,-2.2224e-05,-2.5118e-05,1,0.084,0.084,0.2,0
1.0008,-0.00023195,2.5005,-2.1559e-05,-2.3957e-05,1,0.085,0.085,0.2,0
1.0008,-0.00021232,2.5005,-2.0895e-05,-2.2796e-05,1,0.086,0.086,0.2,0
1.0007,-0.00019268,2.5004,-2.0231e-05,-2.1636e-05,1,0.087,0.087,0.2,0
1.0007,-0.00017305,2.5004,-1.9567e-05,-2.0475e-05,1,0.088,0.088,0.2,0
1.0007,-0.00015342,2.5004,-1.8903e-05,-1.9314e-05,1,0.089,0.089,0.2,0
1.0006,-0.00013379,2.5004,-1.8239e-05,-1.8154e-05,1,0.09,0.09,0.2,0
1.0006,-0.00011416,2.5004,-1.7575e-05,-1.6993e-05,1,0.091,0.091,0.2,0
1.0006,-9.4533e-05,2.5003,-1.6911e-05,-1.5832e-05,1,0.092,0.092,0.2,0
1.0006,-7.4902e-05,2.5003,-1.6247e-05,-1.4672e-05,1,0.093,0.093,0.2,0
1.0005,-5.5272e-05,2.5003,-1.5583e-05,-1.3511e-05,1,0.094,0.094,0.2,0
1.0005,-3.5641e-05,2.5003,-1.4919e-05,-1.235e-05,1,0.095,0.095,0.2,0
1.0005,-1.6011e-05,2.5003,-1.4255e-05,-1.119e-05,1,0.096,0.096,0.2,0
1.0004,3.6194e-06,2.5002,-1.3591e-05,-1.0029e-05,1,0.097,0.097,0.2,0
1.0004,2.325e-05,2.5002,-1.2927e-05,-8.8683e-06,1,0.098,0.098,0.2,0
1.0004,4.288e-05,2.5002,-1.2263e-05,-7.7076e-06,1,0.099,0.099,0.2,0
1.0003,6.2511e-05,2.5002,-1.1599e-05,-6.547e-06,1,0.1,0.1,0.2,0
1.0003,8.2141e-05,2.5002,-1.0935e-05,-5.3863e-06,1,0.101,0.101,0.2,0
1.0003,0.00010177,2.5001,-1.0271e-05,-4.2256e-06,1,0.102,0.102,0.2,0
1.0003,0.0001214,2.5001,-9.6071e-06,-3.065e-06,1,0.103,0.103,0.2,0
1.0002,0.00014103,2.5001,-8.9431e-06,-1.9043e-06,1,0.104,0.104,0.2,0
1.0002,0.00016066,2.5001,-8.2791e-06,-7.4362e-07,1,0.105,0.105,0.2,0
1.0002,0.00018029,2.5,-7.6151e-06,4.1706e-07,1,0.106,0.106,0.2,0
1.0001,0.00019992,2.5,-6.951e-06,1.5777e-06,1,0.107,0.107,0.2,0
1.0001,0.00021955,2.5,-6.287e-06,2.7384e-06,1,0.108,0.108,0.2,0
1.0001,0.00023918,2.5,-5.623e-06,3.8991e-06,1,0.109,0.109,0.2,0
1.0001,0.00025881,2.5,-4.959e-06,5.0597e-06,1,0.11,0.11,0.2,0
1,0.00027845,2.4999,-4.2949e-06,6.2204e-06,1,0.111,0.111,0.2,0
1,0.00029808,2.4999,-3.6309e-06,7.3811e-06,1,0.112,0.112,0.2,0
0.99997,0.00031771,2.4999,-2.9669e-06,8.5418e-06,1,0.113,0.113,0.2,0
0.99994,0.00033734,2.4999,-2.3029e-06,9.7024e-06,1,0.114,0.114,0.2,0
0.99991,0.00035697,2.4999,-1.6389e-06,1.0863e-05,1,0.115,0.115,0.2,0
0.99988,0.0003766,2.4998,-9.7485e-07,1.2024e-05,1,0.116,0.116,0.2,0
0.99985,0.00039623,2.4998,-3.1082e-07,1.3184e-05,1,0.117,0.117,0.2,0
0.99982,0.00041586,2.4998,3.532e-07,1.4345e-05,1,0.118,0.118,0.2,0
0.99979,0.00043549,2.4998,1.0172e-06,1.5506e-05,1,0.119,0.119,0.2,0
0.99976,0.00045512,2.4997,1.6812e-06,1.6666e-05,1,0.12,0.12,0.2,0
0.99973,0.00047475,2.4997,2.3453e-06,1.7827e-05,1,0.121,0.121,0.2,0
0.9997,0.00049438,2.4997,3.0093e-06,1.8988e-05,1,0.122,0.122,0.2,0
0.99967,0.00051401,2.4997,3.6733e-06,2.0148e-05,1,0.123,0.123,0.2,0
0.99964,0.00053364,2.4997,4.3373e-06,2.1309e-05,1,0.124,0.124,0.2,0
0.99961,0.00055327,2.4996,5.0013e-06,2.247e-05,1,0.125,0.125,0.2,0
0.99959,0.0005729,2.4996,5.6654e-06,2.363e-05,1,0.126,0.126,0.2,0
0.99956,0.00059253,2.4996,6.3294e-06,2.4791e-05,1,0.127,0.127,0.2,0
0.99953,0.00061216,2.4996,6.9934e-06,2.5952e-05,1,0.128,0.128,0.2,0
0.9995,0.00063179,2.4996,7.6574e-06,2.7112e-05,1,0.129,0.129,0.2,0
0.99947,0.00065142,2.4995,8.3214e-06,2.8273e-05,1,0.13,0.13,0.2,0
0.99944,0.00067105,2.4995,8.9855e-06,2.9434e-05,1,0.131,0.131,0.2,0
0.99941,0.00069068,2.4995,9.6495e-06,3.0594e-05,1,0.132,0.132,0.2,0
0.99938,0.00071031,2.4995,1.0314e-05,3.1755e-05,1,0.133,0.133,0.2,0
0.99935,0.00072994,2.4995,1.0978e-05,3.2916e-05,1,0.134,0.134,0.2,0
0.99932,0.00074958,2.4994,1.1642e-05,3.4077e-05,1,0.135,0.135,0.2,0
0.99929,0.00076921,2.4994,1.2306e-05,3.5237e-05,1,0.136,0.136,0.2,0
0.99926,0.00078884,2.4994,1.297e-05,3.6398e-05,1,0.137,0.137,0.2,0
0.99923,0.00080847,2.4994,1.3634e-05,3.7559e-05,1,0.138,0.138,0.2,0
0.9992,0.0008281,2.4993,1.4298e-05,3.8719e-05,1,0.139,0.139,0.2,0
0.99917,0.00084773,2.4993,1.4962e-05,3.988e-05,1,0.14,0.14,0.2,0
0.99914,0.00086736,2.4993,1.5626e-05,4.1041e-05,1,0.141,0.141,0.2,0
0.99911,0.00088699,2.4993,1.629e-05,4.2201e-05,1,0.142,0.142,0.2,0
0.99909,0.00090662,2.4993,1.6954e-05,4.3362e-05,1,0.143,0.143,0.2,0
0.99906,0.00092625,2.4992,1.7618e-05,4.4523e-05,1,0.144,0.144,0.2,0
0.99903,0.00094588,2.4992,1.8282e-05,4.5683e-05,1,0.145,0.145,0.2,0
0.999,0.00096551,2.4992,1.8946e-05,4.6844e-05,1,0.146,0.146,0.2,0
0.99897,0.00098514,2.4992,1.961e-05,4.8005e-05,1,0.147,0.147,0.2,0
0.99894,0.0010048,2.4992,2.0274e-05,4.9165e-05,1,0.148,0.148,0.2,0
0.99891,0.0010244,2.4991,2.0938e-05,5.0326e-05,1,0.149,0.149,0.2,0
0.99888,0.001044,2.4991,2.1602e-05,5.1487e-05,1,0.15,0.15,0.2,0
0.99885,0.0010637,2.4991,2.2266e-05,5.2647e-05,1,0.151,0.151,0.2,0
0.99882,0.0010833,2.4991,2.293e-05,5.3808e-05,1,0.152,0.152,0.2,0
0.99879,0.0011029,2.4991,2.3594e-05,5.4969e-05,1,0.153,0.153,0.2,0
0.99876,0.0011226,2.499,2.4258e-05,5.6129e-05,1,0.154,0.154,0.2,0
0.99873,0.0011422,2.499,2.4922e-05,5.729e-05,1,0.155,0.155,0.2,0
0.9987,0.0011618,2.499,2.5586e-05,5.8451e-05,1,0.156,0.156,0.2,0
0.99867,0.0011814,2.499,2.625e-05,5.9611e-05,1,0.157,0.157,0.2,0
0.99864,0.0012011,2.4989,2.6914e-05,6.0772e-05,1,0.158,0.158,0.2,0
0.99862,0.0012207,2.4989,2.7578e-05,6.1933e-05,1,0.159,0.159,0.2,0
0.99859,0.0012403,2.4989,2.8242e-05,6.3093e-05,1,0.16,0.16,0.2,0
0.99856,0.00126,2.4989,2.8906e-05,6.4254e-05,1,0.161,0.161,0.2,0
0.99853,0.0012796,2.4989,2.957e-05,6.5415e-05,1,0.162,0.162,0.2,0
0.9985,0.0012992,2.4988,3.0234e-05,6.6575e-05,1,0.163,0.163,0.2,0
0.99847,0.0013189,2.4988,3.0898e-05,6.7736e-05,1,0.164,0.164,0.2,0
0.99844,0.0013385,2.4988,3.1562e-05,6.8897e-05,1,0.165,0.165,0.2,0
0.99841,0.0013581,2.4988,3.2226e-05,7.0057e-05,1,0.166,0.166,0.2,0
0.99836,0.0013965,2.4987,3.3473e-05,7.198e-05,1,0.167,0.167,0.2,0
0.99827,0.0014722,2.4987,3.5885e-05,7.5425e-05,1,0.168,0.168,0.2,0
0.99819,0.001548,2.4986,3.8296e-05,7.8871e-05,1,0.169,0.169,0.2,0
0.9981,0.0016238,2.4985,4.0708e-05,8.2317e-05,1,0.17,0.17,0.2,0
0.99801,0.0016995,2.4985,4.312e-05,8.5762e-05,1,0.171,0.171,0.2,0
0.99792,0.0017753,2.4984,4.5531e-05,8.9208e-05,1,0.172,0.172,0.2,0
0.99784,0.0018511,2.4983,4.7943e-05,9.2654e-05,1,0.173,0.173,0.2,0
0.99775,0.0019268,2.4982,5.0355e-05,9.6099e-05,1,0.174,0.174,0.2,0
0.99766,0.0020026,2.4982,5.2767e-05,9.9545e-05,1,0.175,0.175,0.2,0
0.99758,0.0020784,2.4981,5.5178e-05,0.00010299,1,0.176,0.176,0.2,0
0.99749,0.0021541,2.498,5.759e-05,0.00010644,1,0.177,0.177,0.2,0
0.9974,0.0022299,2.498,6.0002e-05,0.00010988,1,0.178,0.178,0.2,0
0.99731,0.0023057,2.4979,6.2413e-05,0.00011333,1,0.179,0.179,0.2,0
0.99723,0.0023814,2.4978,6.4825e-05,0.00011677,1,0.18,0.18,0.2,0
0.99714,0.0024572,2.4978,6.7237e-05,0.00012022,1,0.181,0.181,0.2,0
0.99705,0.002533,2.4977,6.9649e-05,0.00012366,1,0.182,0.182,0.2,0
0.99696,0.0026087,2.4976,7.206e-05,0.00012711,1,0.183,0.183,0.2,0
0.99688,0.0026845,2.4975,7.4472e-05,0.00013056,1,0.184,0.184,0.2,0
0.99679,0.0027603,2.4975,7.6884e-05,0.000134,1,0.185,0.185,0.2,0
0.9967,0.002836,2.4974,7.9296e-05,0.00013745,1,0.186,0.186,0.2,0
0.99662,0.0029118,2.4973,8.1707e-05,0.00014089,1,0.187,0.187,0.2,0
0.99653,0.0029876,2.4973,8.4119e-05,0.00014434,1,0.188,0.188,0.2,0
0.99644,0.0030633,2.4972,8.6531e-05,0.00014778,1,0.189,0.189,0.2,0
0.99635,0.0031391,2.4971,8.8942e-05,0.00015123,1,0.19,0.19,0.2,0
0.99627,0.0032149,2.497,9.1354e-05,0.00015468,1,0.191,0.191,0.2,0
0.99618,0.0032906,2.497,9.3766e-05,0.00015812,1,0.192,0.192,0.2,0
0.99609,0.0033664,2.4969,9.6178e-05,0.00016157,1,0.193,0.193,0.2,0
0.996,0.0034422,2.4968,9.8589e-05,0.00016501,1,0.194,0.194,0.2,0
0.99592,0.003518,2.4968,0.000101,0.00016846,1,0.195,0.195,0.2,0
0.99583,0.0035937,2.4967,0.00010341,0.0001719,1,0.196,0.196,0.2,0
0.99574,0.0036695,2.4966,0.00010582,0.00017535,1,0.197,0.197,0.2,0
0.99566,0.0037453,2.4966,0.00010824,0.00017879,1,0.198,0.198,0.2,0
0.99557,0.003821,2.4965,0.00011065,0.00018224,1,0.199,0.199,0.2,0
0.99548,0.0038968,2.4964,0.00011306,0.00018569,1,0.2,0.2,0.2,0
0.99539,0.0039726,2.4963,0.00011547,0.00018913,1,0.201,0.201,0.2,0
0.99531,0.0040483,2.4963,0.00011788,0.00019258,1,0.202,0.202,0.2,0
0.99522,0.0041241,2.4962,0.00012029,0.00019602,1,0.203,0.203,0.2,0
0.99513,0.0041999,2.4961,0.00012271,0.00019947,1,0.204,0.204,0.2,0
0.99504,0.0042756,2.4961,0.00012512,0.00020291,1,0.205,0.205,0.2,0
0.99496,0.0043514,2.496,0.00012753,0.00020636,1,0.206,0.206,0.2,0
0.99487,0.0044272,2.4959,0.00012994,0.00020981,1,0.207,0.207,0.2,0
0.99478,0.0045029,2.4959,0.00013235,0.00021325,1,0.208,0.208,0.2,0
0.9947,0.0045787,2.4958,0.00013477,0.0002167,1,0.209,0.209,0.2,0
0.99461,0.0046545,2.4957,0.00013718,0.00022014,1,0.21,0.21,0.2,0
0.99452,0.0047302,2.4956,0.00013959,0.00022359,1,0.211,0.211,0.2,0
0.99443,0.004806,2.4956,0.000142,0.00022703,1,0.212,0.212,0.2,0
0.99435,0.0048818,2.4955,0.00014441,0.00023048,1,0.213,0.213,0.2,0
0.99426,0.0049575,2.4954,0.00014682,0.00023393,1,0.214,0.214,0.2,0
0.99417,0.0050333,2.4954,0.00014924,0.00023737,1,0.215,0.215,0.2,0
0.99408,0.0051091,2.4953,0.00015165,0.00024082,1,0.216,0.216,0.2,0
0.994,0.0051848,2.4952,0.00015406,0.00024426,1,0.217,0.217,0.2,0
0.99391,0.0052606,2.4951,0.00015647,0.00024771,1,0.218,0.218,0.2,0
0.99382,0.0053364,2.4951,0.00015888,0.00025115,1,0.219,0.219,0.2,0
0.99373,0.0054121,2.495,0.00016129,0.0002546,1,0.22,0.22,0.2,0
0.99365,0.0054879,2.4949,0.00016371,0.00025804,1,0.221,0.221,0.2,0
0.99356,0.0055637,2.4949,0.00016612,0.00026149,1,0.222,0.222,0.2,0
0.99347,0.0056394,2.4948,0.00016853,0.00026494,1,0.223,0.223,0.2,0
0.99339,0.0057152,2.4947,0.00017094,0.00026838,1,0.224,0.224,0.2,0
0.9933,0.005791,2.4947,0.00017335,0.00027183,1,0.225,0.225,0.2,0
0.99321,0.0058667,2.4946,0.00017576,0.00027527,1,0.226,0.226,0.2,0
0.99312,0.0059425,2.4945,0.00017818,0.00027872,1,0.227,0.227,0.2,0
0.99304,0.0060183,2.4944,0.00018059,0.00028216,1,0.228,0.228,0.2,0
0.99295,0.006094,2.4944,0.000183,0.00028561,1,0.229,0.229,0.2,0
0.99286,0.0061698,2.4943,0.00018541,0.00028906,1,0.23,0.23,0.2,0
0.99277,0.0062456,2.4942,0.00018782,0.0002925,1,0.231,0.231,0.2,0
0.99269,0.0063213,2.4942,0.00019023,0.00029595,1,0.232,0.232,0.2,0
0.9926,0.0063971,2.4941,0.00019265,0.00029939,1,0.233,0.233,0.2,0
0.99251,0.0064729,2.494,0.00019506,0.00030284,1,0.234,0.234,0.2,0
0.99243,0.0065487,2.4939,0.00019747,0.00030628,1,0.235,0.235,0.2,0
0.99234,0.0066244,2.4939,0.00019988,0.00030973,1,0.236,0.236,0.2,0
0.99225,0.0067002,2.4938,0.00020229,0.00031318,1,0.237,0.237,0.2,0
0.99216,0.006776,2.4937,0.00020471,0.00031662,1,0.238,0.238,0.2,0
0.99208,0.0068517,2.4937,0.00020712,0.00032007,1,0.239,0.239,0.2,0
0.99199,0.0069275,2.4936,0.00020953,0.00032351,1,0.24,0.24,0.2,0
0.9919,0.0070033,2.4935,0.00021194,0.00032696,1,0.241,0.241,0.2,0
0.99181,0.007079,2.4935,0.00021435,0.0003304,1,0.242,0.242,0.2,0
0.99173,0.0071548,2.4934,0.00021676,0.00033385,1,0.243,0.243,0.2,0
0.99164,0.0072306,2.4933,0.00021918,0.00033729,1,0.244,0.244,0.2,0
0.99155,0.0073063,2.4932,0.00022159,0.00034074,1,0.245,0.245,0.2,0
0.99147,0.0073821,2.4932,0.000224,0.00034419,1,0.246,0.246,0.2,0
0.99138,0.0074579,2.4931,0.00022641,0.00034763,1,0.247,0.247,0.2,0
0.99129,0.0075336,2.493,0.00022882,0.00035108,1,0.248,0.248,0.2,0
0.9912,0.0076094,2.493,0.00023123,0.00035452,1,0.249,0.249,0.2,0
0.99206,0.010977,2.4866,0.0033201,0.0060413,1,0.25,0.25,0.2,0
0.98945,0.014268,2.4839,0.0033204,0.0060221,1,0.251,0.251,0.2,0
0.98684,0.017559,2.4812,0.0033207,0.0060028,1,0.252,0.252,0.2,0
0.98424,0.02085,2.4786,0.003321,0.0059835,1,0.253,0.253,0.2,0
0.98163,0.024141,2.4759,0.0033213,0.0059642,1,0.254,0.254,0.2,0
0.97902,0.027432,2.4732,0.0033216,0.0059449,1,0.255,0.255,0.2,0
0.97642,0.030723,2.4705,0.0033219,0.0059256,1,0.256,0.256,0.2,0
0.97381,0.034014,2.4678,0.0033222,0.0059064,1,0.257,0.257,0.2,0
0.9712,0.037305,2.4652,0.0033224,0.0058871,1,0.258,0.258,0.2,0
0.9686,0.040596,2.4625,0.0033227,0.0058678,1,0.259,0.259,0.2,0
0.96599,0.043887,2.4598,0.003323,0.0058485,1,0.26,0.26,0.2,0
0.96338,0.047178,2.4571,0.0033233,0.0058292,1,0.261,0.261,0.2,0
0.96078,0.050469,2.4544,0.0033236,0.00581,1,0.262,0.262,0.2,0
0.95817,0.05376,2.4518,0.0033239,0.0057907,1,0.263,0.263,0.2,0
0.95556,0.057051,2.4491,0.0033242,0.0057714,1,0.264,0.264,0.2,0
0.95296,0.060342,2.4464,0.0033245,0.0057521,1,0.265,0.265,0.2,0
0.95035,0.063633,2.4437,0.0033248,0.0057328,1,0.266,0.266,0.2,0
0.94774,0.066924,2.441,0.0033251,0.0057136,1,0.267,0.267,0.2,0
0.94514,0.070215,2.4383,0.0033254,0.0056943,1,0.268,0.268,0.2,0
0.94253,0.073506,2.4357,0.0033257,0.005675,1,0.269,0.269,0.2,0
0.93992,0.076797,2.433,0.0033259,0.0056557,1,0.27,0.27,0.2,0
0.93732,0.080088,2.4303,0.0033262,0.0056364,1,0.271,0.271,0.2,0
0.93471,0.08338,2.4276,0.0033265,0.0056172,1,0.272,0.272,0.2,0
0.93211,0.08667,2.4249,0.0033268,0.0055979,1,0.273,0.273,0.2,0
0.9295,0.089961,2.4223,0.0033271,0.0055786,1,0.274,0.274,0.2,0
0.92689,0.093253,2.4196,0.0033274,0.0055593,1,0.275,0.275,0.2,0
0.92429,0.096544,2.4169,0.0033277,0.00554,1,0.276,0.276,0.2,0
0.92168,0.099835,2.4142,0.003328,0.0055207,1,0.277,0.277,0.2,0
0.91907,0.10313,2.4115,0.0033283,0.0055015,1,0.278,0.278,0.2,0
0.91647,0.10642,2.4089,0.0033286,0.0054822,1,0.279,0.279,0.2,0
0.91386,0.10971,2.4062,0.0033289,0.0054629,1,0.28,0.28,0.2,0
0.91125,0.113,2.4035,0.0033292,0.0054436,1,0.281,0.281,0.2,0
0.90865,0.11629,2.4008,0.0033294,0.0054243,1,0.282,0.282,0.2,0
0.90604,0.11958,2.3981,0.0033297,0.0054051,1,0.283,0.283,0.2,0
0.90343,0.12287,2.3955,0.00333,0.0053858,1,0.284,0.284,0.2,0
0.90083,0.12616,2.3928,0.0033303,0.0053665,1,0.285,0.285,0.2,0
0.89822,0.12945,2.3901,0.0033306,0.0053472,1,0.286,0.286,0.2,0
0.89561,0.13274,2.3874,0.0033309,0.0053279,1,0.287,0.287,0.2,0
0.89301,0.13604,2.3847,0.0033312,0.0053087,1,0.288,0.288,0.2,0
0.8904,0.13933,2.3821,0.0033315,0.0052894,1,0.289,0.289,0.2,0
0.88779,0.14262,2.3794,0.0033318,0.0052701,1,0.29,0.29,0.2,0
0.88519,0.14591,2.3767,0.0033321,0.0052508,1,0.291,0.291,0.2,0
0.88262,0.14924,2.374,0.0033333,0.0052392,1,0.292,0.292,0.2,0
0.88015,0.15265,2.3712,0.0033363,0.0052429,1,0.293,0.293,0.2,0
0.87767,0.15605,2.3685,0.0033393,0.0052466,1,0.294,0.294,0.2,0
0.87519,0.15946,2.3657,0.0033423,0.0052503,1,0.295,0.295,0.2,0
0.87271,0.16287,2.363,0.0033453,0.005254,1,0.296,0.296,0.2,0
0.87023,0.16628,2.3602,0.0033483,0.0052577,1,0.297,0.297,0.2,0
0.86775,0.16968,2.3575,0.0033513,0.0052614,1,0.298,0.298,0.2,0
0.86527,0.17309,2.3547,0.0033543,0.0052651,1,0.299,0.299,0.2,0
0.86279,0.1765,2.352,0.0033573,0.0052688,1,0.3,0.3,0.2,0
0.86031,0.1799,2.3492,0.0033603,0.0052725,1,0.301,0.301,0.2,0
0.85784,0.18331,2.3464,0.0033633,0.0052762,1,0.302,0.302,0.2,0
0.85536,0.18672,2.3437,0.0033663,0.0052799,1,0.303,0.303,0.2,0
0.85288,0.19013,2.3409,0.0033693,0.0052835,1,0.304,0.304,0.2,0
0.8504,0.19353,2.3382,0.0033723,0.0052872,1,0.305,0.305,0.2,0
0.84792,0.19694,2.3354,0.0033753,0.0052909,1,0.306,0.306,0.2,0
0.84544,0.20035,2.3327,0.0033783,0.0052946,1,0.307,0.307,0.2,0
0.84296,0.20376,2.3299,0.0033814,0.0052983,1,0.308,0.308,0.2,0
0.84048,0.20716,2.3272,0.0033844,0.005302,1,0.309,0.309,0.2,0
0.838,0.21057,2.3244,0.0033874,0.0053057,1,0.31,0.31,0.2,0
0.83553,0.21398,2.3216,0.0033904,0.0053094,1,0.311,0.311,0.2,0
0.83305,0.21738,2.3189,0.0033934,0.0053131,1,0.312,0.312,0.2,0
0.83057,0.22079,2.3161,0.0033964,0.0053168,1,0.313,0.313,0.2,0
0.82809,0.2242,2.3134,0.0033994,0.0053205,1,0.314,0.314,0.2,0
0.82561,0.22761,2.3106,0.0034024,0.0053242,1,0.315,0.315,0.2,0
0.82313,0.23101,2.3079,0.0034054,0.0053279,1,0.316,0.316,0.2,0
0.82065,0.23442,2.3051,0.0034084,0.0053316,1,0.317,0.317,0.2,0
0.81817,0.23783,2.3024,0.0034114,0.0053353,1,0.318,0.318,0.2,0
0.81569,0.24124,2.2996,0.0034144,0.005339,1,0.319,0.319,0.2,0
0.81322,0.24464,2.2969,0.0034174,0.0053427,1,0.32,0.32,0.2,0
0.81074,0.24805,2.2941,0.0034204,0.0053464,1,0.321,0.321,0.2,0
0.80826,0.25146,2.2913,0.0034234,0.0053501,1,0.322,0.322,0.2,0
0.80578,0.25486,2.2886,0.0034264,0.0053538,1,0.323,0.323,0.2,0
0.8033,0.25827,2.2858,0.0034294,0.0053575,1,0.324,0.324,0.2,0
0.80082,0.26168,2.2831,0.0034324,0.0053612,1,0.325,0.325,0.2,0
0.79834,0.26509,2.2803,0.0034354,0.0053649,1,0.326,0.326,0.2,0
0.79586,0.26849,2.2776,0.0034384,0.0053686,1,0.327,0.327,0.2,0
0.79339,0.2719,2.2748,0.0034415,0.0053723,1,0.328,0.328,0.2,0
0.79091,0.27531,2.2721,0.0034445,0.005376,1,0.329,0.329,0.2,0
0.78843,0.27872,2.2693,0.0034475,0.0053797,1,0.33,0.33,0.2,0
0.78595,0.28212,2.2665,0.0034505,0.0053834,1,0.331,0.331,0.2,0
0.78347,0.28553,2.2638,0.0034535,0.005387,1,0.332,0.332,0.2,0
0.78099,0.28894,2.261,0.0034565,0.0053907,1,0.333,0.333,0.2,0
0.7786,0.29242,2.2582,0.0034613,0.0054098,1,0.334,0.334,0.2,0
0.77625,0.29595,2.2554,0.003467,0.0054364,1,0.335,0.335,0.2,0
0.77389,0.29947,2.2526,0.0034727,0.0054631,1,0.336,0.336,0.2,0
0.77154,0.30299,2.2497,0.0034785,0.0054898,1,0.337,0.337,0.2,0
0.76919,0.30652,2.2469,0.0034842,0.0055165,1,0.338,0.338,0.2,0
0.76684,0.31004,2.2441,0.0034899,0.0055431,1,0.339,0.339,0.2,0
0.76449,0.31356,2.2412,0.0034956,0.0055698,1,0.34,0.34,0.2,0
0.76214,0.31709,2.2384,0.0035013,0.0055965,1,0.341,0.341,0.2,0
0.75979,0.32061,2.2356,0.003507,0.0056232,1,0.342,0.342,0.2,0
0.75744,0.32413,2.2328,0.0035128,0.0056498,1,0.343,0.343,0.2,0
0.75509,0.32766,2.2299,0.0035185,0.0056765,1,0.344,0.344,0.2,0
0.75273,0.33118,2.2271,0.0035242,0.0057032,1,0.345,0.345,0.2,0
0.75038,0.3347,2.2243,0.0035299,0.0057298,1,0.346,0.346,0.2,0
0.74803,0.33823,2.2214,0.0035356,0.0057565,1,0.347,0.347,0.2,0
0.74568,0.34175,2.2186,0.0035414,0.0057832,1,0.348,0.348,0.2,0
0.74333,0.34528,2.2158,0.0035471,0.0058099,1,0.349,0.349,0.2,0
0.74098,0.3488,2.2129,0.0035528,0.0058365,1,0.35,0.35,0.2,0
0.73863,0.35232,2.2101,0.0035585,0.0058632,1,0.351,0.351,0.2,0
0.73628,0.35585,2.2073,0.0035642,0.0058899,1,0.352,0.352,0.2,0
0.73392,0.35937,2.2045,0.0035699,0.0059166,1,0.353,0.353,0.2,0
0.73157,0.36289,2.2016,0.0035757,0.0059432,1,0.354,0.354,0.2,0
0.72922,0.36642,2.1988,0.0035814,0.0059699,1,0.355,0.355,0.2,0
0.72687,0.36994,2.196,0.0035871,0.0059966,1,0.356,0.356,0.2,0
0.72452,0.37346,2.1931,0.0035928,0.0060233,1,0.357,0.357,0.2,0
0.72217,0.37699,2.1903,0.0035985,0.0060499,1,0.358,0.358,0.2,0
0.71982,0.38051,2.1875,0.0036043,0.0060766,1,0.359,0.359,0.2,0
0.71747,0.38403,2.1846,0.00361,0.0061033,1,0.36,0.36,0.2,0
0.71511,0.38756,2.1818,0.0036157,0.00613,1,0.361,0.361,0.2,0
0.71276,0.39108,2.179,0.0036214,0.0061566,1,0.362,0.362,0.2,0
0.71041,0.39461,2.1761,0.0036271,0.0061833,1,0.363,0.363,0.2,0
0.70806,0.39813,2.1733,0.0036329,0.00621,1,0.364,0.364,0.2,0
0.70571,0.40165,2.1705,0.0036386,0.0062367,1,0.365,0.365,0.2,0
0.70336,0.40518,2.1677,0.0036443,0.0062633,1,0.366,0.366,0.2,0
0.70101,0.4087,2.1648,0.00365,0.00629,1,0.367,0.367,0.2,0
0.69866,0.41222,2.162,0.0036557,0.0063167,1,0.368,0.368,0.2,0
0.69631,0.41575,2.1592,0.0036614,0.0063434,1,0.369,0.369,0.2,0
0.69395,0.41927,2.1563,0.0036672,0.00637,1,0.37,0.37,0.2,0
0.6916,0.42279,2.1535,0.0036729,0.0063967,1,0.371,0.371,0.2,0
0.68925,0.42632,2.1507,0.0036786,0.0064234,1,0.372,0.372,0.2,0
0.6869,0.42984,2.1478,0.0036843,0.0064501,1,0.373,0.373,0.2,0
0.68455,0.43336,2.145,0.00369,0.0064767,1,0.374,0.374,0.2,0
0.6824,0.43398,2.1456,0.0040003,0.0048839,1,0.375,0.375,0.2,0
0.6801,0.43813,2.1425,0.0039987,0.0049065,1,0.376,0.376,0.2,0
0.67779,0.44227,2.1394,0.0039971,0.0049291,1,0.377,0.377,0.2,0
0.67549,0.44641,2.1364,0.0039955,0.0049517,1,0.378,0.378,0.2,0
0.67318,0.45056,2.1333,0.0039939,0.0049743,1,0.379,0.379,0.2,0
0.67088,0.4547,2.1302,0.0039922,0.0049969,1,0.38,0.38,0.2,0
0.66857,0.45885,2.1272,0.0039906,0.0050195,1,0.381,0.381,0.2,0
0.66627,0.46299,2.1241,0.003989,0.0050421,1,0.382,0.382,0.2,0
0.66396,0.46714,2.121,0.0039874,0.0050647,1,0.383,0.383,0.2,0
0.66166,0.47128,2.1179,0.0039858,0.0050873,1,0.384,0.384,0.2,0
0.65936,0.47542,2.1149,0.0039841,0.0051099,1,0.385,0.385,0.2,0
0.65705,0.47957,2.1118,0.0039825,0.0051325,1,0.386,0.386,0.2,0
0.65475,0.48371,2.1087,0.0039809,0.0051551,1,0.387,0.387,0.2,0
0.65244,0.48786,2.1056,0.0039793,0.0051777,1,0.388,0.388,0.2,0
0.65014,0.492,2.1026,0.0039777,0.0052003,1,0.389,0.389,0.2,0
0.64783,0.49615,2.0995,0.0039761,0.0052229,1,0.39,0.39,0.2,0
0.64553,0.50029,2.0964,0.0039744,0.0052455,1,0.391,0.391,0.2,0
0.64322,0.50443,2.0933,0.0039728,0.0052681,1,0.392,0.392,0.2,0
0.64092,0.50858,2.0903,0.0039712,0.0052907,1,0.393,0.393,0.2,0
0.63861,0.51272,2.0872,0.0039696,0.0053133,1,0.394,0.394,0.2,0
0.63631,0.51687,2.0841,0.003968,0.0053359,1,0.395,0.395,0.2,0
0.634,0.52101,2.0811,0.0039663,0.0053585,1,0.396,0.396,0.2,0
0.6317,0.52516,2.078,0.0039647,0.0053811,1,0.397,0.397,0.2,0
0.6294,0.5293,2.0749,0.0039631,0.0054037,1,0.398,0.398,0.2,0
0.62709,0.53345,2.0718,0.0039615,0.0054263,1,0.399,0.399,0.2,0
0.62479,0.53759,2.0688,0.0039599,0.0054489,1,0.4,0.4,0.2,0
0.62248,0.54173,2.0657,0.0039582,0.0054715,1,0.401,0.401,0.2,0
0.62018,0.54588,2.0626,0.0039566,0.0054941,1,0.402,0.402,0.2,0
0.61787,0.55002,2.0595,0.003955,0.0055167,1,0.403,0.403,0.2,0
0.61557,0.55417,2.0565,0.0039534,0.0055393,1,0.404,0.404,0.2,0
0.61326,0.55831,2.0534,0.0039518,0.0055619,1,0.405,0.405,0.2,0
0.61096,0.56246,2.0503,0.0039502,0.0055845,1,0.406,0.406,0.2,0
0.60865,0.5666,2.0472,0.0039485,0.0056071,1,0.407,0.407,0.2,0
0.60635,0.57074,2.0442,0.0039469,0.0056297,1,0.408,0.408,0.2,0
0.60404,0.57489,2.0411,0.0039453,0.0056523,1,0.409,0.409,0.2,0
0.60174,0.57903,2.038,0.0039437,0.0056749,1,0.41,0.41,0.2,0
0.59943,0.58318,2.035,0.0039421,0.0056975,1,0.411,0.411,0.2,0
0.59713,0.58732,2.0319,0.0039404,0.0057201,1,0.412,0.412,0.2,0
0.59483,0.59147,2.0288,0.0039388,0.0057427,1,0.413,0.413,0.2,0
0.59252,0.59561,2.0257,0.0039372,0.0057653,1,0.414,0.414,0.2,0
0.59022,0.59975,2.0227,0.0039356,0.0057879,1,0.415,0.415,0.2,0
0.58791,0.6039,2.0196,0.003934,0.0058105,1,0.416,0.416,0.2,0
0.58572,0.60787,2.0166,0.0039287,0.0058195,1,0.417,0.417,0.2,0
0.58377,0.6115,2.014,0.0039163,0.0058012,1,0.418,0.418,0.2,0
0.58182,0.61513,2.0113,0.0039038,0.0057828,1,0.419,0.419,0.2,0
0.57987,0.61875,2.0086,0.0038914,0.0057645,1,0.42,0.42,0.2,0
0.57792,0.62238,2.0059,0.0038789,0.0057462,1,0.421,0.421,0.2,0
0.57597,0.62601,2.0032,0.0038665,0.0057279,1,0.422,0.422,0.2,0
0.57402,0.62964,2.0005,0.003854,0.0057096,1,0.423,0.423,0.2,0
0.57207,0.63326,1.9978,0.0038416,0.0056912,1,0.424,0.424,0.2,0
0.57012,0.63689,1.9952,0.0038291,0.0056729,1,0.425,0.425,0.2,0
0.56817,0.64052,1.9925,0.0038167,0.0056546,1,0.426,0.426,0.2,0
0.56622,0.64415,1.9898,0.0038042,0.0056363,1,0.427,0.427,0.2,0
0.56427,0.64777,1.9871,0.0037918,0.005618,1,0.428,0.428,0.2,0
0.56232,0.6514,1.9844,0.0037793,0.0055996,1,0.429,0.429,0.2,0
0.56037,0.65503,1.9817,0.0037669,0.0055813,1,0.43,0.43,0.2,0
0.55842,0.65866,1.979,0.0037544,0.005563,1,0.431,0.431,0.2,0
0.55647,0.66228,1.9764,0.0037419,0.0055447,1,0.432,0.432,0.2,0
0.55452,0.66591,1.9737,0.0037295,0.0055264,1,0.433,0.433,0.2,0
0.55257,0.66954,1.971,0.003717,0.005508,1,0.434,0.434,0.2,0
0.55062,0.67317,1.9683,0.0037046,0.0054897,1,0.435,0.435,0.2,0
0.54867,0.67679,1.9656,0.0036921,0.0054714,1,0.436,0.436,0.2,0
0.54672,0.68042,1.9629,0.0036797,0.0054531,1,0.437,0.437,0.2,0
0.54477,0.68405,1.9602,0.0036672,0.0054348,1,0.438,0.438,0.2,0
0.54282,0.68768,1.9576,0.0036548,0.0054164,1,0.439,0.439,0.2,0
0.54087,0.69131,1.9549,0.0036423,0.0053981,1,0.44,0.44,0.2,0
0.53892,0.69493,1.9522,0.0036299,0.0053798,1,0.441,0.441,0.2,0
0.53697,0.69856,1.9495,0.0036174,0.0053615,1,0.442,0.442,0.2,0
0.53502,0.70219,1.9468,0.003605,0.0053432,1,0.443,0.443,0.2,0
0.53307,0.70582,1.9441,0.0035925,0.0053248,1,0.444,0.444,0.2,0
0.53112,0.70944,1.9415,0.0035801,0.0053065,1,0.445,0.445,0.2,0
0.52917,0.71307,1.9388,0.0035676,0.0052882,1,0.446,0.446,0.2,0
0.52722,0.7167,1.9361,0.0035552,0.0052699,1,0.447,0.447,0.2,0
0.52527,0.72033,1.9334,0.0035427,0.0052516,1,0.448,0.448,0.2,0
0.52332,0.72395,1.9307,0.0035303,0.0052333,1,0.449,0.449,0.2,0
0.52137,0.72758,1.928,0.0035178,0.0052149,1,0.45,0.45,0.2,0
0.51942,0.73121,1.9253,0.0035053,0.0051966,1,0.451,0.451,0.2,0
0.51747,0.73484,1.9227,0.0034929,0.0051783,1,0.452,0.452,0.2,0
0.51552,0.73846,1.92,0.0034804,0.00516,1,0.453,0.453,0.2,0
0.51357,0.74209,1.9173,0.003468,0.0051417,1,0.454,0.454,0.2,0
0.51162,0.74572,1.9146,0.0034555,0.0051233,1,0.455,0.455,0.2,0
0.50967,0.74935,1.9119,0.0034431,0.005105,1,0.456,0.456,0.2,0
0.50772,0.75297,1.9092,0.0034306,0.0050867,1,0.457,0.457,0.2,0
0.50577,0.7566,1.9065,0.0034182,0.0050684,1,0.458,0.458,0.2,0
0.50406,0.75988,1.9041,0.0033985,0.0050228,1,0.459,0.459,0.2,0
0.50246,0.763,1.9018,0.0033752,0.0049635,1,0.46,0.46,0.2,0
0.50087,0.76611,1.8995,0.0033519,0.0049043,1,0.461,0.461,0.2,0
0.49927,0.76922,1.8972,0.0033286,0.0048451,1,0.462,0.462,0.2,0
0.49767,0.77233,1.8949,0.0033054,0.0047858,1,0.463,0.463,0.2,0
0.49608,0.77544,1.8926,0.0032821,0.0047266,1,0.464,0.464,0.2,0
0.49448,0.77855,1.8903,0.0032588,0.0046673,1,0.465,0.465,0.2,0
0.49289,0.78166,1.888,0.0032355,0.0046081,1,0.466,0.466,0.2,0
0.49129,0.78477,1.8857,0.0032122,0.0045489,1,0.467,0.467,0.2,0
0.4897,0.78788,1.8834,0.0031889,0.0044896,1,0.468,0.468,0.2,0
0.4881,0.79099,1.8811,0.0031656,0.0044304,1,0.469,0.469,0.2,0
0.48651,0.7941,1.8788,0.0031424,0.0043711,1,0.47,0.47,0.2,0
0.48491,0.79722,1.8765,0.0031191,0.0043119,1,0.471,0.471,0.2,0
0.48331,0.80033,1.8742,0.0030958,0.0042527,1,0.472,0.472,0.2,0
0.48172,0.80344,1.8719,0.0030725,0.0041934,1,0.473,0.473,0.2,0
0.48012,0.80655,1.8697,0.0030492,0.0041342,1,0.474,0.474,0.2,0
0.47853,0.80966,1.8674,0.0030259,0.004075,1,0.475,0.475,0.2,0
0.47693,0.81277,1.8651,0.0030026,0.0040157,1,0.476,0.476,0.2,0
0.47534,0.81588,1.8628,0.0029794,0.0039565,1,0.477,0.477,0.2,0
0.47374,0.81899,1.8605,0.0029561,0.0038972,1,0.478,0.478,0.2,0
0.47215,0.8221,1.8582,0.0029328,0.003838,1,0.479,0.479,0.2,0
0.47055,0.82521,1.8559,0.0029095,0.0037788,1,0.48,0.48,0.2,0
0.46895,0.82832,1.8536,0.0028862,0.0037195,1,0.481,0.481,0.2,0
0.46736,0.83143,1.8513,0.0028629,0.0036603,1,0.482,0.482,0.2,0
0.46576,0.83455,1.849,0.0028396,0.003601,1,0.483,0.483,0.2,0
0.46417,0.83766,1.8467,0.0028163,0.0035418,1,0.484,0.484,0.2,0
0.46257,0.84077,1.8444,0.0027931,0.0034826,1,0.485,0.485,0.2,0
0.46098,0.84388,1.8421,0.0027698,0.0034233,1,0.486,0.486,0.2,0
0.45938,0.84699,1.8398,0.0027465,0.0033641,1,0.487,0.487,0.2,0
0.45779,0.8501,1.8375,0.0027232,0.0033049,1,0.488,0.488,0.2,0
0.45619,0.85321,1.8352,0.0026999,0.0032456,1,0.489,0.489,0.2,0
0.45459,0.85632,1.8329,0.0026766,0.0031864,1,0.49,0.49,0.2,0
0.453,0.85943,1.8306,0.0026533,0.0031271,1,0.491,0.491,0.2,0
0.4514,0.86254,1.8283,0.0026301,0.0030679,1,0.492,0.492,0.2,0
0.44981,0.86565,1.826,0.0026068,0.0030087,1,0.493,0.493,0.2,0
0.44821,0.86877,1.8237,0.0025835,0.0029494,1,0.494,0.494,0.2,0
0.44662,0.87188,1.8214,0.0025602,0.0028902,1,0.495,0.495,0.2,0
0.44502,0.87499,1.8191,0.0025369,0.0028309,1,0.496,0.496,0.2,0
0.44343,0.8781,1.8168,0.0025136,0.0027717,1,0.497,0.497,0.2,0
0.44183,0.88121,1.8145,0.0024903,0.0027125,1,0.498,0.498,0.2,0
0.44023,0.88432,1.8122,0.0024671,0.0026532,1,0.499,0.499,0.2,0
0.43864,0.88743,1.8099,0.0024438,0.002594,1,0.5,0.5,0.2,0
0.44099,0.88093,1.8064,0.0013881,0.0033502,1,0.501,0.501,0.2,0
0.44064,0.88213,1.806,0.0013711,0.0032659,1,0.502,0.502,0.2,0
0.44029,0.88333,1.8056,0.0013541,0.0031816,1,0.503,0.503,0.2,0
0.43994,0.88453,1.8053,0.001337,0.0030973,1,0.504,0.504,0.2,0
0.43959,0.88573,1.8049,0.00132,0.003013,1,0.505,0.505,0.2,0
0.43923,0.88693,1.8045,0.0013029,0.0029287,1,0.506,0.506,0.2,0
0.43888,0.88813,1.8042,0.0012859,0.0028444,1,0.507,0.507,0.2,0
0.43853,0.88934,1.8038,0.0012689,0.0027601,1,0.508,0.508,0.2,0
0.43818,0.89054,1.8034,0.0012518,0.0026758,1,0.509,0.509,0.2,0
0.43782,0.89174,1.803,0.0012348,0.0025915,1,0.51,0.51,0.2,0
0.43747,0.89294,1.8027,0.0012177,0.0025072,1,0.511,0.511,0.2,0
0.43712,0.89414,1.8023,0.0012007,0.0024229,1,0.512,0.512,0.2,0
0.43677,0.89534,1.8019,0.0011836,0.0023387,1,0.513,0.513,0.2,0
0.43641,0.89654,1.8016,0.0011666,0.0022544,1,0.514,0.514,0.2,0
0.43606,0.89774,1.8012,0.0011496,0.0021701,1,0.515,0.515,0.2,0
0.43571,0.89894,1.8008,0.0011325,0.0020858,1,0.516,0.516,0.2,0
0.43536,0.90014,1.8005,0.0011155,0.0020015,1,0.517,0.517,0.2,0
0.43501,0.90134,1.8001,0.0010984,0.0019172,1,0.518,0.518,0.2,0
0.43465,0.90255,1.7997,0.0010814,0.0018329,1,0.519,0.519,0.2,0
0.4343,0.90375,1.7993,0.0010644,0.0017486,1,0.52,0.52,0.2,0
0.43395,0.90495,1.799,0.0010473,0.0016643,1,0.521,0.521,0.2,0
0.4336,0.90615,1.7986,0.0010303,0.00158,1,0.522,0.522,0.2,0
0.43324,0.90735,1.7982,0.0010132,0.0014957,1,0.523,0.523,0.2,0
0.43289,0.90855,1.7979,0.00099618,0.0014114,1,0.524,0.524,0.2,0
0.43254,0.90975,1.7975,0.00097914,0.0013271,1,0.525,0.525,0.2,0
0.43219,0.91095,1.7971,0.0009621,0.0012428,1,0.526,0.526,0.2,0
0.43183,0.91215,1.7967,0.00094506,0.0011585,1,0.527,0.527,0.2,0
0.43148,0.91335,1.7964,0.00092802,0.0010742,1,0.528,0.528,0.2,0
0.43113,0.91456,1.796,0.00091098,0.00098992,1,0.529,0.529,0.2,0
0.43078,0.91576,1.7956,0.00089393,0.00090562,1,0.53,0.53,0.2,0
0.43043,0.91696,1.7953,0.00087689,0.00082132,1,0.531,0.531,0.2,0
0.43007,0.91816,1.7949,0.00085985,0.00073702,1,0.532,0.532,0.2,0
0.42972,0.91936,1.7945,0.00084281,0.00065273,1,0.533,0.533,0.2,0
0.42937,0.92056,1.7941,0.00082577,0.00056843,1,0.534,0.534,0.2,0
0.42902,0.92176,1.7938,0.00080873,0.00048413,1,0.535,0.535,0.2,0
0.42866,0.92296,1.7934,0.00079168,0.00039984,1,0.536,0.536,0.2,0
0.42831,0.92416,1.793,0.00077464,0.00031554,1,0.537,0.537,0.2,0
0.42796,0.92536,1.7927,0.0007576,0.00023125,1,0.538,0.538,0.2,0
0.42761,0.92657,1.7923,0.00074056,0.00014695,1,0.539,0.539,0.2,0
0.42726,0.92777,1.7919,0.00072352,6.2653e-05,1,0.54,0.54,0.2,0
0.4269,0.92897,1.7916,0.00070648,-2.1642e-05,1,0.541,0.541,0.2,0
0.4266,0.9298,1.7914,0.00068634,-8.6631e-05,1,0.542,0.542,0.2,0
0.42639,0.92991,1.7916,0.00066001,-0.00011301,1,0.543,0.543,0.2,0
0.42619,0.93002,1.7918,0.00063369,-0.00013939,1,0.544,0.544,0.2,0
0.42598,0.93013,1.792,0.00060736,-0.00016576,1,0.545,0.545,0.2,0
0.42578,0.93024,1.7922,0.00058103,-0.00019214,1,0.546,0.546,0.2,0
0.42557,0.93035,1.7924,0.00055471,-0.00021852,1,0.547,0.547,0.2,0
0.42537,0.93046,1.7926,0.00052838,-0.0002449,1,0.548,0.548,0.2,0
0.42516,0.93057,1.7928,0.00050206,-0.00027127,1,0.549,0.549,0.2,0
0.42496,0.93068,1.793,0.00047573,-0.00029765,1,0.55,0.55,0.2,0
0.42475,0.93078,1.7932,0.0004494,-0.00032403,1,0.551,0.551,0.2,0
0.42455,0.93089,1.7934,0.00042308,-0.00035041,1,0.552,0.552,0.2,0
0.42434,0.931,1.7936,0.00039675,-0.00037678,1,0.553,0.553,0.2,0
0.42414,0.93111,1.7938,0.00037043,-0.00040316,1,0.554,0.554,0.2,0
0.42393,0.93122,1.794,0.0003441,-0.00042954,1,0.555,0.555,0.2,0
0.42373,0.93133,1.7942,0.00031777,-0.00045592,1,0.556,0.556,0.2,0
0.42352,0.93144,1.7944,0.00029145,-0.00048229,1,0.557,0.557,0.2,0
0.42332,0.93155,1.7946,0.00026512,-0.00050867,1,0.558,0.558,0.2,0
0.42311,0.93165,1.7948,0.0002388,-0.00053505,1,0.559,0.559,0.2,0
0.42291,0.93176,1.795,0.00021247,-0.00056143,1,0.56,0.56,0.2,0
0.4227,0.93187,1.7952,0.00018614,-0.0005878,1,0.561,0.561,0.2,0
0.42249,0.93198,1.7954,0.00015982,-0.00061418,1,0.562,0.562,0.2,0
0.42229,0.93209,1.7956,0.00013349,-0.00064056,1,0.563,0.563,0.2,0
0.42208,0.9322,1.7958,0.00010717,-0.00066694,1,0.564,0.564,0.2,0
0.42188,0.93231,1.796,8.084e-05,-0.00069331,1,0.565,0.565,0.2,0
0.42167,0.93242,1.7962,5.4515e-05,-0.00071969,1,0.566,0.566,0.2,0
0.42147,0.93253,1.7964,2.8189e-05,-0.00074607,1,0.567,0.567,0.2,0
0.42126,0.93263,1.7966,1.8617e-06,-0.00077245,1,0.568,0.568,0.2,0
0.42106,0.93274,1.7968,-2.4464e-05,-0.00079882,1,0.569,0.569,0.2,0
0.42085,0.93285,1.797,-5.079e-05,-0.0008252,1,0.57,0.57,0.2,0
0.42065,0.93296,1.7972,-7.7115e-05,-0.00085158,1,0.571,0.571,0.2,0
0.42044,0.93307,1.7974,-0.00010344,-0.00087796,1,0.572,0.572,0.2,0
0.42024,0.93318,1.7976,-0.00012977,-0.00090434,1,0.573,0.573,0.2,0
0.42003,0.93329,1.7978,-0.00015609,-0.00093071,1,0.574,0.574,0.2,0
0.41983,0.9334,1.798,-0.00018242,-0.00095709,1,0.575,0.575,0.2,0
0.41962,0.9335,1.7982,-0.00020875,-0.00098347,1,0.576,0.576,0.2,0
0.41942,0.93361,1.7984,-0.00023507,-0.0010098,1,0.577,0.577,0.2,0
0.41921,0.93372,1.7986,-0.0002614,-0.0010362,1,0.578,0.578,0.2,0
0.41901,0.93383,1.7988,-0.00028772,-0.0010626,1,0.579,0.579,0.2,0
0.4188,0.93394,1.799,-0.00031405,-0.001089,1,0.58,0.58,0.2,0
0.41859,0.93405,1.7992,-0.00034038,-0.0011154,1,0.581,0.581,0.2,0
0.41839,0.93416,1.7994,-0.0003667,-0.0011417,1,0.582,0.582,0.2,0
0.41818,0.93427,1.7996,-0.00039303,-0.0011681,1,0.583,0.583,0.2,0
0.41808,0.93365,1.8002,-0.00042554,-0.0011559,1,0.584,0.584,0.2,0
0.41802,0.93266,1.801,-0.00046115,-0.0011243,1,0.585,0.585,0.2,0
0.41796,0.93168,1.8018,-0.00049677,-0.0010928,1,0.586,0.586,0.2,0
0.4179,0.9307,1.8026,-0.00053238,-0.0010613,1,0.587,0.587,0.2,0
0.41784,0.92971,1.8033,-0.00056799,-0.0010297,1,0.588,0.588,0.2,0
0.41779,0.92873,1.8041,-0.00060359,-0.00099817,1,0.589,0.589,0.2,0
0.41773,0.92775,1.8049,-0.0006392,-0.00096663,1,0.59,0.59,0.2,0
0.41767,0.92676,1.8056,-0.00067482,-0.00093509,1,0.591,0.591,0.2,0
0.41761,0.92578,1.8064,-0.00071043,-0.00090355,1,0.592,0.592,0.2,0
0.41755,0.9248,1.8072,-0.00074604,-0.000872,1,0.593,0.593,0.2,0
0.4175,0.92381,1.808,-0.00078165,-0.00084046,1,0.594,0.594,0.2,0
0.41744,0.92283,1.8087,-0.00081726,-0.00080892,1,0.595,0.595,0.2,0
0.41738,0.92185,1.8095,-0.00085287,-0.00077738,1,0.596,0.596,0.2,0
0.41732,0.92086,1.8103,-0.00088848,-0.00074584,1,0.597,0.597,0.2,0
0.41726,0.91988,1.8111,-0.00092409,-0.0007143,1,0.598,0.598,0.2,0
0.4172,0.9189,1.8118,-0.0009597,-0.00068276,1,0.599,0.599,0.2,0
0.41715,0.91791,1.8126,-0.00099531,-0.00065122,1,0.6,0.6,0.2,0
0.41709,0.91693,1.8134,-0.0010309,-0.00061967,1,0.601,0.601,0.2,0
0.41703,0.91595,1.8142,-0.0010665,-0.00058813,1,0.602,0.602,0.2,0
0.41697,0.91496,1.8149,-0.0011021,-0.00055659,1,0.603,0.603,0.2,0
0.41691,0.91398,1.8157,-0.0011377,-0.00052505,1,0.604,0.604,0.2,0
0.41686,0.913,1.8165,-0.0011734,-0.00049351,1,0.605,0.605,0.2,0
0.4168,0.91201,1.8173,-0.001209,-0.00046197,1,0.606,0.606,0.2,0
0.41674,0.91103,1.818,-0.0012446,-0.00043043,1,0.607,0.607,0.2,0
0.41668,0.91005,1.8188,-0.0012802,-0.00039889,1,0.608,0.608,0.2,0
0.41662,0.90906,1.8196,-0.0013158,-0.00036735,1,0.609,0.609,0.2,0
0.41656,0.90808,1.8204,-0.0013514,-0.0003358,1,0.61,0.61,0.2,0
0.41651,0.9071,1.8211,-0.001387,-0.00030426,1,0.611,0.611,0.2,0
0.41645,0.90612,1.8219,-0.0014226,-0.00027272,1,0.612,0.612,0.2,0
0.41639,0.90513,1.8227,-0.0014582,-0.00024118,1,0.613,0.613,0.2,0
0.41633,0.90415,1.8235,-0.0014939,-0.00020964,1,0.614,0.614,0.2,0
0.41627,0.90317,1.8242,-0.0015295,-0.0001781,1,0.615,0.615,0.2,0
0.41622,0.90218,1.825,-0.0015651,-0.00014656,1,0.616,0.616,0.2,0
0.41616,0.9012,1.8258,-0.0016007,-0.00011502,1,0.617,0.617,0.2,0
0.4161,0.90022,1.8265,-0.0016363,-8.3476e-05,1,0.618,0.618,0.2,0
0.41604,0.89923,1.8273,-0.0016719,-5.1934e-05,1,0.619,0.619,0.2,0
0.41598,0.89825,1.8281,-0.0017075,-2.0393e-05,1,0.62,0.62,0.2,0
0.41592,0.89727,1.8289,-0.0017431,1.1148e-05,1,0.621,0.621,0.2,0
0.41587,0.89628,1.8296,-0.0017787,4.2689e-05,1,0.622,0.622,0.2,0
0.41581,0.8953,1.8304,-0.0018143,7.4231e-05,1,0.623,0.623,0.2,0
0.41575,0.89432,1.8312,-0.00185,0.00010577,1,0.624,0.624,0.2,0
0.38654,0.86121,1.7536,0.0049702,-0.011275,1,0.625,0.625,0.2,0
0.38663,0.8653,1.764,0.0048789,-0.011453,1,0.626,0.626,0.2,0
0.38672,0.86939,1.7744,0.0047875,-0.011631,1,0.627,0.627,0.2,0
0.38681,0.87347,1.7849,0.0046961,-0.011809,1,0.628,0.628,0.2,0
0.3869,0.87756,1.7953,0.0046048,-0.011987,1,0.629,0.629,0.2,0
0.38699,0.88165,1.8057,0.0045134,-0.012165,1,0.63,0.63,0.2,0
0.38708,0.88573,1.8161,0.0044221,-0.012343,1,0.631,0.631,0.2,0
0.38717,0.88982,1.8265,0.0043307,-0.012521,1,0.632,0.632,0.2,0
0.38726,0.8939,1.8369,0.0042394,-0.012699,1,0.633,0.633,0.2,0
0.38735,0.89799,1.8473,0.004148,-0.012878,1,0.634,0.634,0.2,0
0.38745,0.90208,1.8578,0.0040566,-0.013056,1,0.635,0.635,0.2,0
0.38754,0.90616,1.8682,0.0039653,-0.013234,1,0.636,0.636,0.2,0
0.38763,0.91025,1.8786,0.0038739,-0.013412,1,0.637,0.637,0.2,0
0.38772,0.91434,1.889,0.0037826,-0.01359,1,0.638,0.638,0.2,0
0.38781,0.91842,1.8994,0.0036912,-0.013768,1,0.639,0.639,0.2,0
0.3879,0.92251,1.9098,0.0035998,-0.013946,1,0.64,0.64,0.2,0
0.38799,0.9266,1.9202,0.0035085,-0.014124,1,0.641,0.641,0.2,0
0.38808,0.93068,1.9306,0.0034171,-0.014302,1,0.642,0.642,0.2,0
0.38817,0.93477,1.9411,0.0033258,-0.01448,1,0.643,0.643,0.2,0
0.38826,0.93885,1.9515,0.0032344,-0.014658,1,0.644,0.644,0.2,0
0.38835,0.94294,1.9619,0.003143,-0.014836,1,0.645,0.645,0.2,0
0.38844,0.94703,1.9723,0.0030517,-0.015014,1,0.646,0.646,0.2,0
0.38853,0.95111,1.9827,0.0029603,-0.015192,1,0.647,0.647,0.2,0
0.38862,0.9552,1.9931,0.002869,-0.015371,1,0.648,0.648,0.2,0
0.38871,0.95929,2.0035,0.0027776,-0.015549,1,0.649,0.649,0.2,0
0.3888,0.96337,2.014,0.0026862,-0.015727,1,0.65,0.65,0.2,0
0.38889,0.96746,2.0244,0.0025949,-0.015905,1,0.651,0.651,0.2,0
0.38898,0.97155,2.0348,0.0025035,-0.016083,1,0.652,0.652,0.2,0
0.38907,0.97563,2.0452,0.0024122,-0.016261,1,0.653,0.653,0.2,0
0.38916,0.97972,2.0556,0.0023208,-0.016439,1,0.654,0.654,0.2,0
0.38925,0.9838,2.066,0.0022295,-0.016617,1,0.655,0.655,0.2,0
0.38934,0.98789,2.0764,0.0021381,-0.016795,1,0.656,0.656,0.2,0
0.38943,0.99198,2.0868,0.0020467,-0.016973,1,0.657,0.657,0.2,0
0.38952,0.99606,2.0973,0.0019554,-0.017151,1,0.658,0.658,0.2,0
0.38961,1.0001,2.1077,0.001864,-0.017329,1,0.659,0.659,0.2,0
0.38971,1.0042,2.1181,0.0017727,-0.017507,1,0.66,0.66,0.2,0
0.3898,1.0083,2.1285,0.0016813,-0.017685,1,0.661,0.661,0.2,0
0.38989,1.0124,2.1389,0.0015899,-0.017864,1,0.662,0.662,0.2,0
0.38998,1.0165,2.1493,0.0014986,-0.018042,1,0.663,0.663,0.2,0
0.39007,1.0206,2.1597,0.0014072,-0.01822,1,0.664,0.664,0.2,0
0.39016,1.0247,2.1702,0.0013159,-0.018398,1,0.665,0.665,0.2,0
0.39025,1.0288,2.1806,0.0012245,-0.018576,1,0.666,0.666,0.2,0
0.38982,1.0311,2.19,0.0011294,-0.018647,1,0.667,0.667,0.2,0
0.38835,1.03,2.1973,0.001027,-0.018504,1,0.668,0.668,0.2,0
0.38688,1.029,2.2047,0.00092448,-0.01836,1,0.669,0.669,0.2,0
0.38541,1.0279,2.2121,0.00082201,-0.018217,1,0.67,0.67,0.2,0
0.38394,1.0268,2.2194,0.00071953,-0.018074,1,0.671,0.671,0.2,0
0.38247,1.0257,2.2268,0.00061706,-0.017931,1,0.672,0.672,0.2,0
0.381,1.0247,2.2342,0.00051459,-0.017788,1,0.673,0.673,0.2,0
0.37953,1.0236,2.2415,0.00041211,-0.017644,1,0.674,0.674,0.2,0
0.37806,1.0225,2.2489,0.00030963,-0.017501,1,0.675,0.675,0.2,0
0.37659,1.0215,2.2562,0.00020716,-0.017358,1,0.676,0.676,0.2,0
0.37512,1.0204,2.2636,0.00010469,-0.017215,1,0.677,0.677,0.2,0
0.37365,1.0193,2.271,2.2125e-06,-0.017072,1,0.678,0.678,0.2,0
0.37218,1.0182,2.2783,-0.00010027,-0.016928,1,0.679,0.679,0.2,0
0.37071,1.0172,2.2857,-0.00020274,-0.016785,1,0.68,0.68,0.2,0
0.36924,1.0161,2.2931,-0.00030521,-0.016642,1,0.681,0.681,0.2,0
0.36777,1.015,2.3004,-0.00040769,-0.016499,1,0.682,0.682,0.2,0
0.3663,1.0139,2.3078,-0.00051017,-0.016355,1,0.683,0.683,0.2,0
0.36483,1.0129,2.3152,-0.00061264,-0.016212,1,0.684,0.684,0.2,0
0.36336,1.0118,2.3225,-0.00071512,-0.016069,1,0.685,0.685,0.2,0
0.36189,1.0107,2.3299,-0.00081759,-0.015926,1,0.686,0.686,0.2,0
0.36042,1.0096,2.3372,-0.00092006,-0.015783,1,0.687,0.687,0.2,0
0.35895,1.0086,2.3446,-0.0010225,-0.015639,1,0.688,0.688,0.2,0
0.35748,1.0075,2.352,-0.001125,-0.015496,1,0.689,0.689,0.2,0
0.35601,1.0064,2.3593,-0.0012275,-0.015353,1,0.69,0.69,0.2,0
0.35454,1.0053,2.3667,-0.00133,-0.01521,1,0.691,0.691,0.2,0
0.35307,1.0043,2.3741,-0.0014324,-0.015067,1,0.692,0.692,0.2,0
0.3516,1.0032,2.3814,-0.0015349,-0.014923,1,0.693,0.693,0.2,0
0.35013,1.0021,2.3888,-0.0016374,-0.01478,1,0.694,0.694,0.2,0
0.34866,1.001,2.3962,-0.0017399,-0.014637,1,0.695,0.695,0.2,0
0.34719,0.99996,2.4035,-0.0018423,-0.014494,1,0.696,0.696,0.2,0
0.34572,0.99889,2.4109,-0.0019448,-0.014351,1,0.697,0.697,0.2,0
0.34425,0.99781,2.4183,-0.0020473,-0.014207,1,0.698,0.698,0.2,0
0.34278,0.99674,2.4256,-0.0021498,-0.014064,1,0.699,0.699,0.2,0
0.34131,0.99567,2.433,-0.0022522,-0.013921,1,0.7,0.7,0.2,0
0.33984,0.99459,2.4403,-0.0023547,-0.013778,1,0.701,0.701,0.2,0
0.33837,0.99352,2.4477,-0.0024572,-0.013635,1,0.702,0.702,0.2,0
0.3369,0.99244,2.4551,-0.0025597,-0.013491,1,0.703,0.703,0.2,0
0.33543,0.99137,2.4624,-0.0026621,-0.013348,1,0.704,0.704,0.2,0
0.33396,0.99029,2.4698,-0.0027646,-0.013205,1,0.705,0.705,0.2,0
0.33249,0.98922,2.4772,-0.0028671,-0.013062,1,0.706,0.706,0.2,0
0.33102,0.98815,2.4845,-0.0029696,-0.012918,1,0.707,0.707,0.2,0
0.32954,0.98707,2.4919,-0.003072,-0.012775,1,0.708,0.708,0.2,0
0.32703,0.98256,2.4972,-0.0031819,-0.012418,1,0.709,0.709,0.2,0
0.324,0.97632,2.5015,-0.0032955,-0.011953,1,0.71,0.71,0.2,0
0.32097,0.97009,2.5059,-0.0034091,-0.011489,1,0.711,0.711,0.2,0
0.31794,0.96385,2.5102,-0.0035227,-0.011024,1,0.712,0.712,0.2,0
0.31491,0.95762,2.5145,-0.0036363,-0.01056,1,0.713,0.713,0.2,0
0.31188,0.95138,2.5188,-0.0037499,-0.010095,1,0.714,0.714,0.2,0
0.30885,0.94515,2.5231,-0.0038635,-0.009631,1,0.715,0.715,0.2,0
0.30582,0.93891,2.5274,-0.0039771,-0.0091664,1,0.716,0.716,0.2,0
0.30279,0.93267,2.5317,-0.0040907,-0.008702,1,0.717,0.717,0.2,0
0.29976,0.92644,2.5361,-0.0042042,-0.0082375,1,0.718,0.718,0.2,0
0.29673,0.9202,2.5404,-0.0043178,-0.007773,1,0.719,0.719,0.2,0
0.2937,0.91397,2.5447,-0.0044314,-0.0073085,1,0.72,0.72,0.2,0
0.29067,0.90773,2.549,-0.004545,-0.006844,1,0.721,0.721,0.2,0
0.28764,0.9015,2.5533,-0.0046586,-0.0063795,1,0.722,0.722,0.2,0
0.28461,0.89526,2.5576,-0.0047722,-0.005915,1,0.723,0.723,0.2,0
0.28158,0.88903,2.5619,-0.0048858,-0.0054506,1,0.724,0.724,0.2,0
0.27855,0.88279,2.5663,-0.0049994,-0.0049861,1,0.725,0.725,0.2,0
0.27551,0.87656,2.5706,-0.005113,-0.0045216,1,0.726,0.726,0.2,0
0.27248,0.87032,2.5749,-0.0052266,-0.0040571,1,0.727,0.727,0.2,0
0.26945,0.86409,2.5792,-0.0053401,-0.0035926,1,0.728,0.728,0.2,0
0.26642,0.85785,2.5835,-0.0054537,-0.0031281,1,0.729,0.729,0.2,0
0.26339,0.85162,2.5878,-0.0055673,-0.0026636,1,0.73,0.73,0.2,0
0.26036,0.84538,2.5921,-0.0056809,-0.0021991,1,0.731,0.731,0.2,0
0.25733,0.83915,2.5965,-0.0057945,-0.0017347,1,0.732,0.732,0.2,0
0.2543,0.83291,2.6008,-0.0059081,-0.0012702,1,0.733,0.733,0.2,0
0.25127,0.82668,2.6051,-0.0060217,-0.00080567,1,0.734,0.734,0.2,0
0.24824,0.82044,2.6094,-0.0061353,-0.00034119,1,0.735,0.735,0.2,0
0.24521,0.81421,2.6137,-0.0062489,0.00012329,1,0.736,0.736,0.2,0
0.24218,0.80797,2.618,-0.0063625,0.00058777,1,0.737,0.737,0.2,0
0.23915,0.80174,2.6223,-0.0064761,0.0010523,1,0.738,0.738,0.2,0
0.23612,0.7955,2.6267,-0.0065897,0.0015168,1,0.739,0.739,0.2,0
0.23309,0.78927,2.631,-0.0067032,0.0019812,1,0.74,0.74,0.2,0
0.23006,0.78303,2.6353,-0.0068168,0.0024457,1,0.741,0.741,0.2,0
0.22703,0.7768,2.6396,-0.0069304,0.0029102,1,0.742,0.742,0.2,0
0.224,0.77056,2.6439,-0.007044,0.0033747,1,0.743,0.743,0.2,0
0.22096,0.76433,2.6482,-0.0071576,0.0038392,1,0.744,0.744,0.2,0
0.21793,0.75809,2.6525,-0.0072712,0.0043037,1,0.745,0.745,0.2,0
0.2149,0.75186,2.6569,-0.0073848,0.0047682,1,0.746,0.746,0.2,0
0.21187,0.74562,2.6612,-0.0074984,0.0052326,1,0.747,0.747,0.2,0
0.20884,0.73939,2.6655,-0.007612,0.0056971,1,0.748,0.748,0.2,0
0.20581,0.73315,2.6698,-0.0077256,0.0061616,1,0.749,0.749,0.2,0
0.20278,0.72692,2.6741,-0.0078391,0.0066261,1,0.75,0.75,0.2,0
0.46877,0.88574,2.6687,0.015806,-0.030142,1,0.751,0.751,0.2,0
0.46277,0.88939,2.6743,0.015397,-0.029433,1,0.752,0.752,0.2,0
0.45678,0.89304,2.68,0.014988,-0.028725,1,0.753,0.753,0.2,0
0.45078,0.89668,2.6856,0.014578,-0.028016,1,0.754,0.754,0.2,0
0.44479,0.90033,2.6913,0.014169,-0.027308,1,0.755,0.755,0.2,0
0.43879,0.90398,2.6969,0.01376,-0.0266,1,0.756,0.756,0.2,0
0.43279,0.90763,2.7026,0.01335,-0.025891,1,0.757,0.757,0.2,0
0.4268,0.91127,2.7082,0.012941,-0.025183,1,0.758,0.758,0.2,0
0.4208,0.91492,2.7139,0.012532,-0.024474,1,0.759,0.759,0.2,0
0.41481,0.91857,2.7195,0.012122,-0.023766,1,0.76,0.76,0.2,0
0.40881,0.92222,2.7252,0.011713,-0.023057,1,0.761,0.761,0.2,0
0.40281,0.92586,2.7308,0.011304,-0.022349,1,0.762,0.762,0.2,0
0.39682,0.92951,2.7364,0.010894,-0.021641,1,0.763,0.763,0.2,0
0.39082,0.93316,2.7421,0.010485,-0.020932,1,0.764,0.764,0.2,0
0.38483,0.9368,2.7477,0.010076,-0.020224,1,0.765,0.765,0.2,0
0.37883,0.94045,2.7534,0.0096665,-0.019515,1,0.766,0.766,0.2,0
0.37283,0.9441,2.759,0.0092572,-0.018807,1,0.767,0.767,0.2,0
0.36684,0.94775,2.7647,0.0088479,-0.018098,1,0.768,0.768,0.2,0
0.36084,0.95139,2.7703,0.0084385,-0.01739,1,0.769,0.769,0.2,0
0.35485,0.95504,2.776,0.0080292,-0.016682,1,0.77,0.77,0.2,0
0.34885,0.95869,2.7816,0.0076199,-0.015973,1,0.771,0.771,0.2,0
0.34285,0.96234,2.7873,0.0072105,-0.015265,1,0.772,0.772,0.2,0
0.33686,0.96598,2.7929,0.0068012,-0.014556,1,0.773,0.773,0.2,0
0.33086,0.96963,2.7986,0.0063919,-0.013848,1,0.774,0.774,0.2,0
0.32487,0.97328,2.8042,0.0059826,-0.01314,1,0.775,0.775,0.2,0
0.31887,0.97692,2.8099,0.0055732,-0.012431,1,0.776,0.776,0.2,0
0.31288,0.98057,2.8155,0.0051639,-0.011723,1,0.777,0.777,0.2,0
0.30688,0.98422,2.8212,0.0047546,-0.011014,1,0.778,0.778,0.2,0
0.30088,0.98787,2.8268,0.0043452,-0.010306,1,0.779,0.779,0.2,0
0.29489,0.99151,2.8325,0.0039359,-0.0095975,1,0.78,0.78,0.2,0
0.28889,0.99516,2.8381,0.0035266,-0.008889,1,0.781,0.781,0.2,0
0.2829,0.99881,2.8438,0.0031172,-0.0081806,1,0.782,0.782,0.2,0
0.2769,1.0025,2.8494,0.0027079,-0.0074722,1,0.783,0.783,0.2,0
0.2709,1.0061,2.855,0.0022986,-0.0067638,1,0.784,0.784,0.2,0
0.26491,1.0097,2.8607,0.0018892,-0.0060553,1,0.785,0.785,0.2,0
0.25891,1.0134,2.8663,0.0014799,-0.0053469,1,0.786,0.786,0.2,0
0.25292,1.017,2.872,0.0010706,-0.0046385,1,0.787,0.787,0.2,0
0.24692,1.0207,2.8776,0.00066126,-0.0039301,1,0.788,0.788,0.2,0
0.24092,1.0243,2.8833,0.00025193,-0.0032217,1,0.789,0.789,0.2,0
0.23493,1.028,2.8889,-0.00015742,-0.0025132,1,0.79,0.79,0.2,0
0.22893,1.0316,2.8946,-0.00056674,-0.0018048,1,0.791,0.791,0.2,0
0.22412,1.0317,2.897,-0.00094049,-0.0011722,1,0.792,0.792,0.2,0
0.22169,1.0245,2.8931,-0.0012431,-0.00069106,1,0.793,0.793,0.2,0
0.21925,1.0173,2.8891,-0.0015457,-0.00020992,1,0.794,0.794,0.2,0
0.21682,1.0101,2.8851,-0.0018483,0.00027118,1,0.795,0.795,0.2,0
0.21438,1.0029,2.8812,-0.0021509,0.00075229,1,0.796,0.796,0.2,0
0.21194,0.99565,2.8772,-0.0024535,0.0012334,1,0.797,0.797,0.2,0
0.20951,0.98845,2.8732,-0.0027561,0.0017145,1,0.798,0.798,0.2,0
0.20707,0.98125,2.8693,-0.0030587,0.0021956,1,0.799,0.799,0.2,0
0.20464,0.97405,2.8653,-0.0033613,0.0026767,1,0.8,0.8,0.2,0
0.2022,0.96684,2.8613,-0.0036639,0.0031579,1,0.801,0.801,0.2,0
0.19977,0.95964,2.8574,-0.0039665,0.003639,1,0.802,0.802,0.2,0
0.19733,0.95244,2.8534,-0.0042691,0.0041201,1,0.803,0.803,0.2,0
0.19489,0.94524,2.8494,-0.0045717,0.0046012,1,0.804,0.804,0.2,0
0.19246,0.93803,2.8455,-0.0048743,0.0050823,1,0.805,0.805,0.2,0
0.19002,0.93083,2.8415,-0.0051769,0.0055634,1,0.806,0.806,0.2,0
0.18759,0.92363,2.8375,-0.0054795,0.0060445,1,0.807,0.807,0.2,0
0.18515,0.91643,2.8336,-0.0057821,0.0065257,1,0.808,0.808,0.2,0
0.18272,0.90923,2.8296,-0.0060847,0.0070068,1,0.809,0.809,0.2,0
0.18028,0.90202,2.8256,-0.0063873,0.0074879,1,0.81,0.81,0.2,0
0.17784,0.89482,2.8217,-0.0066899,0.007969,1,0.811,0.811,0.2,0
0.17541,0.88762,2.8177,-0.0069925,0.0084501,1,0.812,0.812,0.2,0
0.17297,0.88042,2.8137,-0.0072951,0.0089312,1,0.813,0.813,0.2,0
0.17054,0.87321,2.8098,-0.0075977,0.0094123,1,0.814,0.814,0.2,0
0.1681,0.86601,2.8058,-0.0079003,0.0098934,1,0.815,0.815,0.2,0
0.16567,0.85881,2.8018,-0.0082029,0.010375,1,0.816,0.816,0.2,0
0.16323,0.85161,2.7979,-0.0085055,0.010856,1,0.817,0.817,0.2,0
0.16079,0.84441,2.7939,-0.0088081,0.011337,1,0.818,0.818,0.2,0
0.15836,0.8372,2.79,-0.0091107,0.011818,1,0.819,0.819,0.2,0
0.15592,0.83,2.786,-0.0094133,0.012299,1,0.82,0.82,0.2,0
0.15349,0.8228,2.782,-0.0097159,0.01278,1,0.821,0.821,0.2,0
0.15105,0.8156,2.7781,-0.010018,0.013261,1,0.822,0.822,0.2,0
0.14861,0.80839,2.7741,-0.010321,0.013742,1,0.823,0.823,0.2,0
0.14618,0.80119,2.7701,-0.010624,0.014223,1,0.824,0.824,0.2,0
0.14374,0.79399,2.7662,-0.010926,0.014705,1,0.825,0.825,0.2,0
0.14131,0.78679,2.7622,-0.011229,0.015186,1,0.826,0.826,0.2,0
0.13887,0.77959,2.7582,-0.011531,0.015667,1,0.827,0.827,0.2,0
0.13644,0.77238,2.7543,-0.011834,0.016148,1,0.828,0.828,0.2,0
0.134,0.76518,2.7503,-0.012137,0.016629,1,0.829,0.829,0.2,0
0.13156,0.75798,2.7463,-0.012439,0.01711,1,0.83,0.83,0.2,0
0.12913,0.75078,2.7424,-0.012742,0.017591,1,0.831,0.831,0.2,0
0.12669,0.74357,2.7384,-0.013044,0.018072,1,0.832,0.832,0.2,0
0.12426,0.73637,2.7344,-0.013347,0.018553,1,0.833,0.833,0.2,0
0.1242,0.72194,2.7241,-0.013579,0.018883,1,0.834,0.834,0.2,0
0.12532,0.70389,2.7105,-0.013774,0.019137,1,0.835,0.835,0.2,0
0.12644,0.68583,2.6969,-0.01397,0.019391,1,0.836,0.836,0.2,0
0.12757,0.66778,2.6833,-0.014166,0.019644,1,0.837,0.837,0.2,0
0.12869,0.64973,2.6697,-0.014362,0.019898,1,0.838,0.838,0.2,0
0.12982,0.63168,2.6562,-0.014558,0.020152,1,0.839,0.839,0.2,0
0.13094,0.61363,2.6426,-0.014754,0.020406,1,0.84,0.84,0.2,0
0.13207,0.59557,2.629,-0.01495,0.02066,1,0.841,0.841,0.2,0
0.13319,0.57752,2.6154,-0.015145,0.020913,1,0.842,0.842,0.2,0
0.13432,0.55947,2.6019,-0.015341,0.021167,1,0.843,0.843,0.2,0
0.13544,0.54142,2.5883,-0.015537,0.021421,1,0.844,0.844,0.2,0
0.13656,0.52337,2.5747,-0.015733,0.021675,1,0.845,0.845,0.2,0
0.13769,0.50531,2.5611,-0.015929,0.021929,1,0.846,0.846,0.2,0
0.13881,0.48726,2.5475,-0.016125,0.022182,1,0.847,0.847,0.2,0
0.13994,0.46921,2.534,-0.016321,0.022436,1,0.848,0.848,0.2,0
0.14106,0.45116,2.5204,-0.016517,0.02269,1,0.849,0.849,0.2,0
0.14219,0.43311,2.5068,-0.016712,0.022944,1,0.85,0.85,0.2,0
0.14331,0.41506,2.4932,-0.016908,0.023198,1,0.851,0.851,0.2,0
0.14444,0.397,2.4796,-0.017104,0.023452,1,0.852,0.852,0.2,0
0.14556,0.37895,2.4661,-0.0173,0.023705,1,0.853,0.853,0.2,0
0.14668,0.3609,2.4525,-0.017496,0.023959,1,0.854,0.854,0.2,0
0.14781,0.34285,2.4389,-0.017692,0.024213,1,0.855,0.855,0.2,0
0.14893,0.3248,2.4253,-0.017888,0.024467,1,0.856,0.856,0.2,0
0.15006,0.30675,2.4117,-0.018084,0.024721,1,0.857,0.857,0.2,0
0.15118,0.28869,2.3982,-0.018279,0.024974,1,0.858,0.858,0.2,0
0.15231,0.27064,2.3846,-0.018475,0.025228,1,0.859,0.859,0.2,0
0.15343,0.25259,2.371,-0.018671,0.025482,1,0.86,0.86,0.2,0
0.15456,0.23454,2.3574,-0.018867,0.025736,1,0.861,0.861,0.2,0
0.15568,0.21649,2.3439,-0.019063,0.02599,1,0.862,0.862,0.2,0
0.1568,0.19844,2.3303,-0.019259,0.026243,1,0.863,0.863,0.2,0
0.15793,0.18038,2.3167,-0.019455,0.026497,1,0.864,0.864,0.2,0
0.15905,0.16233,2.3031,-0.01965,0.026751,1,0.865,0.865,0.2,0
0.16018,0.14428,2.2895,-0.019846,0.027005,1,0.866,0.866,0.2,0
0.1613,0.12623,2.276,-0.020042,0.027259,1,0.867,0.867,0.2,0
0.16243,0.10818,2.2624,-0.020238,0.027512,1,0.868,0.868,0.2,0
0.16355,0.090124,2.2488,-0.020434,0.027766,1,0.869,0.869,0.2,0
0.16468,0.072073,2.2352,-0.02063,0.02802,1,0.87,0.87,0.2,0
0.1658,0.054021,2.2216,-0.020826,0.028274,1,0.871,0.871,0.2,0
0.16692,0.03597,2.2081,-0.021022,0.028528,1,0.872,0.872,0.2,0
0.16805,0.017917,2.1945,-0.021217,0.028781,1,0.873,0.873,0.2,0
0.16917,-0.00013446,2.1809,-0.021413,0.029035,1,0.874,0.874,0.2,0
0.1703,-0.018186,2.1673,-0.021609,0.029289,1,0.875,0.875,0.2,0
0.13152,0.0085944,2.13,0.00056532,0.022331,1,0.876,0.876,0.2,0
0.13137,0.0084734,2.1267,0.00054696,0.021839,1,0.877,0.877,0.2,0
0.13122,0.0083524,2.1233,0.0005286,0.021347,1,0.878,0.878,0.2,0
0.13107,0.0082313,2.1199,0.00051024,0.020855,1,0.879,0.879,0.2,0
0.13092,0.0081103,2.1165,0.00049188,0.020362,1,0.88,0.88,0.2,0
0.13077,0.0079892,2.1132,0.00047352,0.01987,1,0.881,0.881,0.2,0
0.13062,0.0078682,2.1098,0.00045516,0.019378,1,0.882,0.882,0.2,0
0.13047,0.0077471,2.1064,0.00043679,0.018886,1,0.883,0.883,0.2,0
0.13033,0.0076261,2.103,0.00041843,0.018394,1,0.884,0.884,0.2,0
0.13018,0.0075051,2.0997,0.00040007,0.017902,1,0.885,0.885,0.2,0
0.13003,0.007384,2.0963,0.00038171,0.017409,1,0.886,0.886,0.2,0
0.12988,0.007263,2.0929,0.00036335,0.016917,1,0.887,0.887,0.2,0
0.12973,0.0071419,2.0895,0.00034499,0.016425,1,0.888,0.888,0.2,0
0.12958,0.0070209,2.0862,0.00032663,0.015933,1,0.889,0.889,0.2,0
0.12943,0.0068999,2.0828,0.00030826,0.015441,1,0.89,0.89,0.2,0
0.12928,0.0067788,2.0794,0.0002899,0.014949,1,0.891,0.891,0.2,0
0.12913,0.0066578,2.076,0.00027154,0.014456,1,0.892,0.892,0.2,0
0.12898,0.0065367,2.0727,0.00025318,0.013964,1,0.893,0.893,0.2,0
0.12883,0.0064157,2.0693,0.00023482,0.013472,1,0.894,0.894,0.2,0
0.12868,0.0062947,2.0659,0.00021646,0.01298,1,0.895,0.895,0.2,0
0.12853,0.0061736,2.0625,0.0001981,0.012488,1,0.896,0.896,0.2,0
0.12838,0.0060526,2.0592,0.00017973,0.011996,1,0.897,0.897,0.2,0
0.12823,0.0059315,2.0558,0.00016137,0.011503,1,0.898,0.898,0.2,0
0.12808,0.0058105,2.0524,0.00014301,0.011011,1,0.899,0.899,0.2,0
0.12793,0.0056895,2.049,0.00012465,0.010519,1,0.9,0.9,0.2,0
0.12778,0.0055684,2.0457,0.00010629,0.010027,1,0.901,0.901,0.2,0
0.12763,0.0054474,2.0423,8.7927e-05,0.0095347,1,0.902,0.902,0.2,0
0.12748,0.0053263,2.0389,6.9565e-05,0.0090426,1,0.903,0.903,0.2,0
0.12733,0.0052053,2.0355,5.1204e-05,0.0085504,1,0.904,0.904,0.2,0
0.12718,0.0050843,2.0322,3.2843e-05,0.0080583,1,0.905,0.905,0.2,0
0.12703,0.0049632,2.0288,1.4481e-05,0.0075661,1,0.906,0.906,0.2,0
0.12688,0.0048422,2.0254,-3.8805e-06,0.0070739,1,0.907,0.907,0.2,0
0.12674,0.0047211,2.0221,-2.2242e-05,0.0065818,1,0.908,0.908,0.2,0
0.12659,0.0046001,2.0187,-4.0603e-05,0.0060896,1,0.909,0.909,0.2,0
0.12644,0.004479,2.0153,-5.8965e-05,0.0055974,1,0.91,0.91,0.2,0
0.12629,0.004358,2.0119,-7.7326e-05,0.0051053,1,0.911,0.911,0.2,0
0.12614,0.004237,2.0086,-9.5688e-05,0.0046131,1,0.912,0.912,0.2,0
0.12599,0.0041159,2.0052,-0.00011405,0.0041209,1,0.913,0.913,0.2,0
0.12584,0.0039949,2.0018,-0.00013241,0.0036288,1,0.914,0.914,0.2,0
0.12569,0.0038738,1.9984,-0.00015077,0.0031366,1,0.915,0.915,0.2,0
0.12554,0.0037528,1.9951,-0.00016913,0.0026444,1,0.916,0.916,0.2,0
0.12543,0.0036314,1.9926,-0.00018154,0.0022712,1,0.917,0.917,0.2,0
0.12539,0.0035094,1.9921,-0.00018205,0.0021356,1,0.918,0.918,0.2,0
0.12535,0.0033873,1.9916,-0.00018256,0.0020001,1,0.919,0.919,0.2,0
0.12532,0.0032652,1.9911,-0.00018307,0.0018646,1,0.92,0.92,0.2,0
0.12528,0.0031432,1.9906,-0.00018357,0.001729,1,0.921,0.921,0.2,0
0.12524,0.0030211,1.9901,-0.00018408,0.0015935,1,0.922,0.922,0.2,0
0.12521,0.002899,1.9896,-0.00018459,0.001458,1,0.923,0.923,0.2,0
0.12517,0.002777,1.9891,-0.00018509,0.0013224,1,0.924,0.924,0.2,0
0.12513,0.0026549,1.9886,-0.0001856,0.0011869,1,0.925,0.925,0.2,0
0.12509,0.0025328,1.9881,-0.00018611,0.0010514,1,0.926,0.926,0.2,0
0.12506,0.0024108,1.9876,-0.00018662,0.00091586,1,0.927,0.927,0.2,0
0.12502,0.0022887,1.9871,-0.00018712,0.00078033,1,0.928,0.928,0.2,0
0.12498,0.0021666,1.9866,-0.00018763,0.0006448,1,0.929,0.929,0.2,0
0.12495,0.0020446,1.9861,-0.00018814,0.00050927,1,0.93,0.93,0.2,0
0.12491,0.0019225,1.9856,-0.00018864,0.00037374,1,0.931,0.931,0.2,0
0.12487,0.0018005,1.9851,-0.00018915,0.00023821,1,0.932,0.932,0.2,0
0.12484,0.0016784,1.9846,-0.00018966,0.00010268,1,0.933,0.933,0.2,0
0.1248,0.0015563,1.9841,-0.00019017,-3.2853e-05,1,0.934,0.934,0.2,0
0.12476,0.0014343,1.9836,-0.00019067,-0.00016838,1,0.935,0.935,0.2,0
0.12473,0.0013122,1.9831,-0.00019118,-0.00030391,1,0.936,0.936,0.2,0
0.12469,0.0011901,1.9826,-0.00019169,-0.00043944,1,0.937,0.937,0.2,0
0.12465,0.0010681,1.9821,-0.0001922,-0.00057497,1,0.938,0.938,0.2,0
0.12461,0.00094601,1.9816,-0.0001927,-0.0007105,1,0.939,0.939,0.2,0
0.12458,0.00082394,1.9811,-0.00019321,-0.00084603,1,0.94,0.94,0.2,0
0.12454,0.00070188,1.9806,-0.00019372,-0.00098156,1,0.941,0.941,0.2,0
0.1245,0.00057982,1.9801,-0.00019422,-0.0011171,1,0.942,0.942,0.2,0
0.12447,0.00045775,1.9796,-0.00019473,-0.0012526,1,0.943,0.943,0.2,0
0.12443,0.00033568,1.9791,-0.00019524,-0.0013882,1,0.944,0.944,0.2,0
0.12439,0.00021362,1.9786,-0.00019575,-0.0015237,1,0.945,0.945,0.2,0
0.12436,9.1559e-05,1.9781,-0.00019625,-0.0016592,1,0.946,0.946,0.2,0
0.12432,-3.0511e-05,1.9776,-0.00019676,-0.0017947,1,0.947,0.947,0.2,0
0.12428,-0.00015257,1.9771,-0.00019727,-0.0019303,1,0.948,0.948,0.2,0
0.12425,-0.00027464,1.9766,-0.00019777,-0.0020658,1,0.949,0.949,0.2,0
0.12421,-0.0003967,1.9761,-0.00019828,-0.0022013,1,0.95,0.95,0.2,0
0.12417,-0.00051876,1.9756,-0.00019879,-0.0023369,1,0.951,0.951,0.2,0
0.12413,-0.00064083,1.9751,-0.0001993,-0.0024724,1,0.952,0.952,0.2,0
0.1241,-0.00076289,1.9746,-0.0001998,-0.0026079,1,0.953,0.953,0.2,0
0.12406,-0.00088496,1.9741,-0.00020031,-0.0027435,1,0.954,0.954,0.2,0
0.12402,-0.001007,1.9736,-0.00020082,-0.002879,1,0.955,0.955,0.2,0
0.12399,-0.0011291,1.9731,-0.00020132,-0.0030145,1,0.956,0.956,0.2,0
0.12395,-0.0012512,1.9726,-0.00020183,-0.00315,1,0.957,0.957,0.2,0
0.12391,-0.0013732,1.9721,-0.00020234,-0.0032856,1,0.958,0.958,0.2,0
0.12395,-0.001496,1.9735,-0.00019094,-0.0031833,1,0.959,0.959,0.2,0
0.12403,-0.001619,1.9759,-0.0001736,-0.0029622,1,0.96,0.96,0.2,0
0.1241,-0.0017421,1.9782,-0.00015625,-0.0027411,1,0.961,0.961,0.2,0
0.12418,-0.0018652,1.9806,-0.0001389,-0.00252,1,0.962,0.962,0.2,0
0.12425,-0.0019883,1.983,-0.00012156,-0.0022989,1,0.963,0.963,0.2,0
0.12433,-0.0021114,1.9854,-0.00010421,-0.0020778,1,0.964,0.964,0.2,0
0.12441,-0.0022345,1.9877,-8.6862e-05,-0.0018567,1,0.965,0.965,0.2,0
0.12448,-0.0023576,1.9901,-6.9514e-05,-0.0016356,1,0.966,0.966,0.2,0
0.12456,-0.0024807,1.9925,-5.2168e-05,-0.0014145,1,0.967,0.967,0.2,0
0.12463,-0.0026037,1.9949,-3.4821e-05,-0.0011934,1,0.968,0.968,0.2,0
0.12471,-0.0027268,1.9972,-1.7474e-05,-0.00097231,1,0.969,0.969,0.2,0
0.12478,-0.0028499,1.9996,-1.2612e-07,-0.00075119,1,0.97,0.97,0.2,0
0.12486,-0.002973,2.002,1.7221e-05,-0.00053009,1,0.971,0.971,0.2,0
0.12494,-0.0030961,2.0043,3.4567e-05,-0.00030899,1,0.972,0.972,0.2,0
0.12501,-0.0032192,2.0067,5.1914e-05,-8.7888e-05,1,0.973,0.973,0.2,0
0.12509,-0.0033423,2.0091,6.9261e-05,0.00013321,1,0.974,0.974,0.2,0
0.12516,-0.0034654,2.0115,8.6609e-05,0.00035433,1,0.975,0.975,0.2,0
0.12524,-0.0035885,2.0138,0.00010396,0.00057543,1,0.976,0.976,0.2,0
0.12531,-0.0037115,2.0162,0.0001213,0.00079653,1,0.977,0.977,0.2,0
0.12539,-0.0038346,2.0186,0.00013865,0.0010176,1,0.978,0.978,0.2,0
0.12547,-0.0039577,2.0209,0.000156,0.0012387,1,0.979,0.979,0.2,0
0.12554,-0.0040808,2.0233,0.00017334,0.0014598,1,0.98,0.98,0.2,0
0.12562,-0.0042039,2.0257,0.00019069,0.001681,1,0.981,0.981,0.2,0
0.12569,-0.004327,2.0281,0.00020804,0.0019021,1,0.982,0.982,0.2,0
0.12577,-0.0044501,2.0304,0.00022538,0.0021232,1,0.983,0.983,0.2,0
0.12585,-0.0045732,2.0328,0.00024273,0.0023443,1,0.984,0.984,0.2,0
0.12592,-0.0046962,2.0352,0.00026008,0.0025654,1,0.985,0.985,0.2,0
0.126,-0.0048193,2.0375,0.00027743,0.0027865,1,0.986,0.986,0.2,0
0.12607,-0.0049424,2.0399,0.00029477,0.0030076,1,0.987,0.987,0.2,0
0.12615,-0.0050655,2.0423,0.00031212,0.0032287,1,0.988,0.988,0.2,0
0.12622,-0.0051886,2.0447,0.00032947,0.0034498,1,0.989,0.989,0.2,0
0.1263,-0.0053117,2.047,0.00034681,0.0036709,1,0.99,0.99,0.2,0
0.12638,-0.0054348,2.0494,0.00036416,0.003892,1,0.991,0.991,0.2,0
0.12645,-0.0055579,2.0518,0.00038151,0.0041131,1,0.992,0.992,0.2,0
0.12653,-0.0056809,2.0541,0.00039885,0.0043342,1,0.993,0.993,0.2,0
0.1266,-0.005804,2.0565,0.0004162,0.0045553,1,0.994,0.994,0.2,0
0.12668,-0.0059271,2.0589,0.00043355,0.0047764,1,0.995,0.995,0.2,0
0.12675,-0.0060502,2.0613,0.0004509,0.0049975,1,0.996,0.996,0.2,0
0.12683,-0.0061733,2.0636,0.00046824,0.0052186,1,0.997,0.997,0.2,0
0.12691,-0.0062964,2.066,0.00048559,0.0054397,1,0.998,0.998,0.2,0
0.12698,-0.0064195,2.0684,0.00050294,0.0056608,1,0.999,0.999,0.2,0
0.12706,-0.0065426,2.0708,0.00052028,0.0058819,1,1,1,0.2,0
